url,ad_id,make,model,year,mileage_km,fuel,transmission,body_type,age_years,price_eur,pred_price_lo,pred_price_fair,pred_price_hi,deal_score,deal_label,cond_bad_proba,is_unroadworthy_pred,seller_name,seller_rating,seller_reviews_count,images_count,options_count,language,title,currency,description,images,engine_liters,power_hp,power_kw,co2_gkm,consumption_l_100,color,doors,drivetrain_raw,turbo,euro_norm,price_per_km,options,specs_raw,km_per_year,options_text,desc_text,has_export,has_ct_fail,has_accident,has_damage,has_engine_issue,has_gearbox_issue,has_non_rolling,has_rust,has_oil_consumption,has_noise_smoke,has_km_not_guaranteed,has_insurance_issue,has_airbag_deployed,has_seatbelt_blocked,has_for_parts,has_ct_ok,has_carpass,has_maintenance_history,has_first_owner,has_non_smoker,has_warranty,has_no_costs,runs_perfect,cond_pos,cond_neg,cond_score,desc_len,text_all
https://www.2ememain.be/v/autos/saab/m2360914332-saab-9-3-cabrio-2-0-benzine-automaat-1-jaar-garantie,2360914332,Saab,9-3 Cabrio 2.0,2005.0,142647.0,Benzin,Automatic,None,21.0,10999.0,2044.0,6199.0,9772.0,-0.7743184384578158,overpriced,0.17634610127012762,0,,,,2.0,0,fr,Saab 9-3 Cabrio 2.0 benzine Automaat 1 JAAR GARANTIE,EUR,"Saab 9-3 Cabrio 2.0 Benzine AUTOMAAT | Navigatie | Parkeersensoren | Stoelverwarming ‚Äì ‚Ç¨10.999 all-in Belangrijkste gegevens ‚Ä¢ Bouwjaar: 05/2005 ‚Ä¢ Kilometerstand: 142.647 km (Car-Pass certificaat, aantoonbaar) ‚Ä¢ Vermogen: 129 kW / 175 pk ‚Ä¢ Brandstof: Benzine (1.998 cc) ‚Ä¢ Transmissie: Automaat ‚Ä¢ Zitplaatsen: 4 ‚Ä¢ Euronorm: 4 ‚Ä¢ Keuring voor verkoop: Inclusief bij aflevering ‚Ä¢ Garantie: 1 jaar inbegrepen ‚Ä¢ Prijs: ‚Ç¨10.999 all-in Uitrusting en opties ‚Ä¢ Airconditioning ‚Ä¢ Elektrische ramen ‚Ä¢ Elektrisch verstelbare zijspiegels ‚Ä¢ Parkeersensoren achter ‚Ä¢ Centrale vergrendeling ‚Ä¢ Cruise control ‚Ä¢ Radio / CD / Bluetooth ‚Ä¢ Navigatie ‚Ä¢ Memory stoelen ‚Ä¢ Stoelverwarming De auto wordt v√≥√≥r aflevering schoon gemaakt, van binnen en buiten. Testrit mogelijk. Overname van uw auto is mogelijk. Rizq Occasions BV Oostmalsebaan 4 2960 Brecht Tel: 0465/141923 U kunt mij bereiken van maandag tot zondag via chat, sms, WhatsApp of telefonisch. Wij werken uitsluitend op afspraak, zodat iedereen de persoonlijke aandacht krijgt die hij of zij verdient.","['https://images.2dehands.com/api/v1/listing-twh-p/images/6e/6ec3f3c4-a2f3-41df-b523-8848da45d00f?rule=ecg_mp_eps$_85', 'https://images.2dehands.com/api/v1/profile-twh-p/images/74/74c298fa-dea8-4ae0-a64d-7be5676d8914?rule=ecg_mp_eps$_82']",,,,,,None,,,,,0.07710642354904064,[],{},6792.714285714285,,"Saab 9-3 Cabrio 2.0 Benzine AUTOMAAT | Navigatie | Parkeersensoren | Stoelverwarming ‚Äì ‚Ç¨10.999 all-in Belangrijkste gegevens ‚Ä¢ Bouwjaar: 05/2005 ‚Ä¢ Kilometerstand: 142.647 km (Car-Pass certificaat, aantoonbaar) ‚Ä¢ Vermogen: 129 kW / 175 pk ‚Ä¢ Brandstof: Benzine (1.998 cc) ‚Ä¢ Transmissie: Automaat ‚Ä¢ Zitplaatsen: 4 ‚Ä¢ Euronorm: 4 ‚Ä¢ Keuring voor verkoop: Inclusief bij aflevering ‚Ä¢ Garantie: 1 jaar inbegrepen ‚Ä¢ Prijs: ‚Ç¨10.999 all-in Uitrusting en opties ‚Ä¢ Airconditioning ‚Ä¢ Elektrische ramen ‚Ä¢ Elektrisch verstelbare zijspiegels ‚Ä¢ Parkeersensoren achter ‚Ä¢ Centrale vergrendeling ‚Ä¢ Cruise control ‚Ä¢ Radio / CD / Bluetooth ‚Ä¢ Navigatie ‚Ä¢ Memory stoelen ‚Ä¢ Stoelverwarming De auto wordt v√≥√≥r aflevering schoon gemaakt, van binnen en buiten. Testrit mogelijk. Overname van uw auto is mogelijk. Rizq Occasions BV Oostmalsebaan 4 2960 Brecht Tel: 0465/141923 U kunt mij bereiken van maandag tot zondag via chat, sms, WhatsApp of telefonisch. Wij werken uitsluitend op afspraak, zodat iedereen de persoonlijke aandacht krijgt die hij of zij verdient.",0.0,0.0,0.0,0.0,0.0,0.0,0.0,0.0,0.0,0.0,0.0,0.0,0.0,0.0,0.0,0.0,0.0,0.0,0.0,0.0,1.0,0.0,0.0,1.0,0.0,1.0,1023.0,"Saab 9-3 Cabrio 2.0 Benzine AUTOMAAT | Navigatie | Parkeersensoren | Stoelverwarming ‚Äì ‚Ç¨10.999 all-in Belangrijkste gegevens ‚Ä¢ Bouwjaar: 05/2005 ‚Ä¢ Kilometerstand: 142.647 km (Car-Pass certificaat, aantoonbaar) ‚Ä¢ Vermogen: 129 kW / 175 pk ‚Ä¢ Brandstof: Benzine (1.998 cc) ‚Ä¢ Transmissie: Automaat ‚Ä¢ Zitplaatsen: 4 ‚Ä¢ Euronorm: 4 ‚Ä¢ Keuring voor verkoop: Inclusief bij aflevering ‚Ä¢ Garantie: 1 jaar inbegrepen ‚Ä¢ Prijs: ‚Ç¨10.999 all-in Uitrusting en opties ‚Ä¢ Airconditioning ‚Ä¢ Elektrische ramen ‚Ä¢ Elektrisch verstelbare zijspiegels ‚Ä¢ Parkeersensoren achter ‚Ä¢ Centrale vergrendeling ‚Ä¢ Cruise control ‚Ä¢ Radio / CD / Bluetooth ‚Ä¢ Navigatie ‚Ä¢ Memory stoelen ‚Ä¢ Stoelverwarming De auto wordt v√≥√≥r aflevering schoon gemaakt, van binnen en buiten. Testrit mogelijk. Overname van uw auto is mogelijk. Rizq Occasions BV Oostmalsebaan 4 2960 Brecht Tel: 0465/141923 U kunt mij bereiken van maandag tot zondag via chat, sms, WhatsApp of telefonisch. Wij werken uitsluitend op afspraak, zodat iedereen de persoonlijke aandacht krijgt die hij of zij verdient."
https://www.2ememain.be/v/autos/saab/m2360678625-saab93-turbo-cabrio-automaat-airco-leer-navi-lpg,2360678625,Saab93,Turbo Cabrio AUTOMAAT,2003.0,374000.0,LPG,Automatic,None,23.0,4500.0,3331.0,4066.0,8293.0,-0.10673880964092475,fair,0.1781644341847834,0,,,,1.0,0,fr,SAAB93 Turbo Cabrio AUTOMAAT AIRCO LEER NAVi LPG!,EUR,"Deze Saab 93 2.0 Turbo Cabrio Automaat is van 2003 LPG is van 2003 en heeft 374.000 km gereden! Auto rijdt zeer zeer goed ondanks deze kilometerstand! Van buiten en van binnen in een goede staat! Banden zijn recent vernieuwd! Deze mooie Cabrio is van een echt liefhebber geweest! Auto is verder voorzien van een automatische airco, leren interieur, verwarmde stoelen, lm velgen met zeer goede banden, elektrische cabrio kap, elektrische en getinte ramen, elektrische spiegels! Prijs 4.500 Euro inclusief keuring voor verkoop! Zeker de moeite waard om eens naar deze auto te komen kijken eens rijden! Info 0032-468-475984!",['https://images.2dehands.com/api/v1/listing-twh-p/images/15/1585f51b-7b51-43f4-b337-5bec7d938469?rule=ecg_mp_eps$_85'],,,,,,None,,,,,0.012032085561497326,[],{},16260.869565217392,,"Deze Saab 93 2.0 Turbo Cabrio Automaat is van 2003 LPG is van 2003 en heeft 374.000 km gereden! Auto rijdt zeer zeer goed ondanks deze kilometerstand! Van buiten en van binnen in een goede staat! Banden zijn recent vernieuwd! Deze mooie Cabrio is van een echt liefhebber geweest! Auto is verder voorzien van een automatische airco, leren interieur, verwarmde stoelen, lm velgen met zeer goede banden, elektrische cabrio kap, elektrische en getinte ramen, elektrische spiegels! Prijs 4.500 Euro inclusief keuring voor verkoop! Zeker de moeite waard om eens naar deze auto te komen kijken eens rijden! Info 0032-468-475984!",0.0,0.0,0.0,0.0,0.0,0.0,0.0,0.0,0.0,0.0,0.0,0.0,0.0,0.0,0.0,0.0,0.0,0.0,0.0,0.0,0.0,0.0,0.0,0.0,0.0,0.0,606.0,"Deze Saab 93 2.0 Turbo Cabrio Automaat is van 2003 LPG is van 2003 en heeft 374.000 km gereden! Auto rijdt zeer zeer goed ondanks deze kilometerstand! Van buiten en van binnen in een goede staat! Banden zijn recent vernieuwd! Deze mooie Cabrio is van een echt liefhebber geweest! Auto is verder voorzien van een automatische airco, leren interieur, verwarmde stoelen, lm velgen met zeer goede banden, elektrische cabrio kap, elektrische en getinte ramen, elektrische spiegels! Prijs 4.500 Euro inclusief keuring voor verkoop! Zeker de moeite waard om eens naar deze auto te komen kijken eens rijden! Info 0032-468-475984!"
https://www.2ememain.be/v/autos/saab/m2360635836-saab-9-3-automaat,2360635836,Saab,9-3 automaat,2006.0,270000.0,Diesel,Automatic,None,20.0,1700.0,1708.0,3579.0,7589.0,0.5250069851913942,good_deal,0.1906178799660087,0,,,,,0,fr,Saab 9-3 automaat,EUR,Beste Hierbij verkoop ik Mijn Saab 9-3 van het jaar 2006 met 270.000km 1.9Diesel Euro4 De wagen start rijdt zeer goed Saab 9-3 Diesel 2006 270.000km Elektrische ramen 1.9Diesel Euro4 Remschijven achter dienen vervangen te worden Vraagprijs 1700 voor meer info pb,[],,,,,,None,,,,,0.006296296296296296,[],{},13500.0,,Beste Hierbij verkoop ik Mijn Saab 9-3 van het jaar 2006 met 270.000km 1.9Diesel Euro4 De wagen start rijdt zeer goed Saab 9-3 Diesel 2006 270.000km Elektrische ramen 1.9Diesel Euro4 Remschijven achter dienen vervangen te worden Vraagprijs 1700 voor meer info pb,0.0,0.0,0.0,0.0,0.0,0.0,0.0,0.0,0.0,0.0,0.0,0.0,0.0,0.0,0.0,0.0,0.0,0.0,0.0,0.0,0.0,0.0,0.0,0.0,0.0,0.0,254.0,Beste Hierbij verkoop ik Mijn Saab 9-3 van het jaar 2006 met 270.000km 1.9Diesel Euro4 De wagen start rijdt zeer goed Saab 9-3 Diesel 2006 270.000km Elektrische ramen 1.9Diesel Euro4 Remschijven achter dienen vervangen te worden Vraagprijs 1700 voor meer info pb
https://www.2ememain.be/v/autos/saab/m2360235681-saab-9-3-cabrio-2-0i,2360235681,Saab,9.3 Cabrio 2.0i,2000.0,140000.0,None,None,None,26.0,2450.0,1596.0,4780.0,9869.0,0.4874476987447699,fair,0.16361137935999243,0,,,,12.0,0,fr,Saab 9.3 Cabrio 2.0i,EUR,"Beste, Hierbij verkoop Saab 9.3 Cabrio 2.0i van 2000 met maar 140.000km .Deze wagen heeft ook veel opties,zoals als,elektrische spiegels en ruiten,cd-speler en veel meer... Kan gekeurd worden voor verkoop , met roze formulier en carpass!!! Overname van uw wagen mogelijk + Testrit mogelijk Met vriendelijke groeten GSM: 0494143311 Tim","['https://images.2dehands.com/api/v1/listing-twh-p/images/44/445bfa8a-5a44-458d-834a-ee3e6da02522?rule=ecg_mp_eps$_85', 'https://images.2dehands.com/api/v1/profile-twh-p/images/23/2303a8f2-cc1c-4cf3-b2ad-f7c260933d78?rule=ecg_mp_eps$_82', 'https://images.2dehands.com/api/v1/listing-twh-p/images/e1/e1b8aa95-8e46-4f43-b011-34d08a50ace4?rule=ecg_mp_eps$_83', 'https://images.2dehands.com/api/v1/listing-twh-p/images/b8/b8da52c0-a429-4475-93eb-ce231248e20d?rule=ecg_mp_eps$_83', 'https://images.2dehands.com/api/v1/listing-twh-p/images/8c/8cc82954-ae5f-449d-a308-088dc549f1f0?rule=ecg_mp_eps$_83', 'https://images.2dehands.com/api/v1/listing-twh-p/images/71/714fbdee-4b5c-43dd-a030-3343904464b4?rule=ecg_mp_eps$_83', 'https://images.2dehands.com/api/v1/listing-twh-p/images/55/55543045-dc97-4eb9-bc23-65d68821ab0b?rule=ecg_mp_eps$_83', 'https://images.2dehands.com/api/v1/listing-twh-p/images/17/1782075e-3cee-4921-9a15-a92e94e88a03?rule=ecg_mp_eps$_83', 'https://images.2dehands.com/api/v1/listing-twh-p/images/dc/dc39deac-0014-4946-8f41-83faf08b0024?rule=ecg_mp_eps$_83', 'https://images.2dehands.com/api/v1/listing-twh-p/images/19/19794bbd-acff-4cd9-92e6-4b7825273b5e?rule=ecg_mp_eps$_83', 'https://images.2dehands.com/api/v1/listing-twh-p/images/3b/3bf89dd4-22f1-4ef7-bebe-089025875928?rule=ecg_mp_eps$_83', 'https://images.2dehands.com/api/v1/listing-twh-p/images/c9/c9e4a77a-d90e-4328-9c5e-0635e56ced0e?rule=ecg_mp_eps$_83']",,,,,,None,,,,,0.0175,[],{},5384.615384615385,,"Beste, Hierbij verkoop Saab 9.3 Cabrio 2.0i van 2000 met maar 140.000km .Deze wagen heeft ook veel opties,zoals als,elektrische spiegels en ruiten,cd-speler en veel meer... Kan gekeurd worden voor verkoop , met roze formulier en carpass!!! Overname van uw wagen mogelijk + Testrit mogelijk Met vriendelijke groeten GSM: 0494143311 Tim",0.0,0.0,0.0,0.0,0.0,0.0,0.0,0.0,0.0,0.0,0.0,0.0,0.0,0.0,0.0,0.0,1.0,0.0,0.0,0.0,0.0,0.0,0.0,1.0,0.0,1.0,323.0,"Beste, Hierbij verkoop Saab 9.3 Cabrio 2.0i van 2000 met maar 140.000km .Deze wagen heeft ook veel opties,zoals als,elektrische spiegels en ruiten,cd-speler en veel meer... Kan gekeurd worden voor verkoop , met roze formulier en carpass!!! Overname van uw wagen mogelijk + Testrit mogelijk Met vriendelijke groeten GSM: 0494143311 Tim"
https://www.2ememain.be/v/autos/saab/m2340400253-saab-9-3-cabriolet-2-0-benzine-2004,2340400253,Saab,9-3 Cabriolet 2.0,2004.0,123731.0,Benzin,None,None,22.0,9700.0,1712.0,3654.0,8135.0,-1.6546250684181718,overpriced,0.16181858097326798,0,,,,2.0,0,fr,SAAB 9-3 Cabriolet 2.0 Benzine 2004,EUR,"SAAB 9-3 Cabriolet 2.0 Benzine 2004 06/2004 2.0 benzine 123.731 km 110 kw Euro 4 Opties: Cabriolet Parkeersensoren achteraan 5 versnellingen Zetelverwarming Elektrische ramen en buitenspiegels Multifunctionele stuur Radio, cd Airconditioning Automatische klimaatregeling Isofix ... Zeer mooie wagen in uitstekende staat. Altijd goed onderhouden geweest bij een erkende SAAB garage. Wagen bezit over een onderhoudsboekje en 2 sleutels. Wagen wordt verkocht met keuring / car-pass. Wagen heeft toegang tot iedere Vlaamse lage-emissiezone . Meer inlichtingen of voor bezichtiging bellen naar 0483 28 50 10. Bezoek zeker ons website https:www.autocenter-antwerpen.be/ voor onze volledige aanbod van wagens te bezichtigen. Gelieve fun aanbiedingen achterwegen te laten alstublieft. Prijs: ‚Ç¨ 9.700","['https://images.2dehands.com/api/v1/listing-twh-p/images/a9/a91fb54e-92c2-49a6-bd08-99455f46a4b6?rule=ecg_mp_eps$_85', 'https://images.2dehands.com/api/v1/profile-twh-p/images/b0/b0e76f20-94ee-4213-aec2-f537070b9b8b?rule=ecg_mp_eps$_82']",,,,,,None,,,,,0.07839587492221028,[],{},5624.136363636364,,"SAAB 9-3 Cabriolet 2.0 Benzine 2004 06/2004 2.0 benzine 123.731 km 110 kw Euro 4 Opties: Cabriolet Parkeersensoren achteraan 5 versnellingen Zetelverwarming Elektrische ramen en buitenspiegels Multifunctionele stuur Radio, cd Airconditioning Automatische klimaatregeling Isofix ... Zeer mooie wagen in uitstekende staat. Altijd goed onderhouden geweest bij een erkende SAAB garage. Wagen bezit over een onderhoudsboekje en 2 sleutels. Wagen wordt verkocht met keuring / car-pass. Wagen heeft toegang tot iedere Vlaamse lage-emissiezone . Meer inlichtingen of voor bezichtiging bellen naar 0483 28 50 10. Bezoek zeker ons website https:www.autocenter-antwerpen.be/ voor onze volledige aanbod van wagens te bezichtigen. Gelieve fun aanbiedingen achterwegen te laten alstublieft. Prijs: ‚Ç¨ 9.700",0.0,0.0,0.0,0.0,0.0,0.0,0.0,0.0,0.0,0.0,0.0,0.0,0.0,0.0,0.0,0.0,0.0,0.0,0.0,0.0,0.0,0.0,0.0,0.0,0.0,0.0,743.0,"SAAB 9-3 Cabriolet 2.0 Benzine 2004 06/2004 2.0 benzine 123.731 km 110 kw Euro 4 Opties: Cabriolet Parkeersensoren achteraan 5 versnellingen Zetelverwarming Elektrische ramen en buitenspiegels Multifunctionele stuur Radio, cd Airconditioning Automatische klimaatregeling Isofix ... Zeer mooie wagen in uitstekende staat. Altijd goed onderhouden geweest bij een erkende SAAB garage. Wagen bezit over een onderhoudsboekje en 2 sleutels. Wagen wordt verkocht met keuring / car-pass. Wagen heeft toegang tot iedere Vlaamse lage-emissiezone . Meer inlichtingen of voor bezichtiging bellen naar 0483 28 50 10. Bezoek zeker ons website https:www.autocenter-antwerpen.be/ voor onze volledige aanbod van wagens te bezichtigen. Gelieve fun aanbiedingen achterwegen te laten alstublieft. Prijs: ‚Ç¨ 9.700"
https://www.2ememain.be/v/autos/saab/m2359488307-saab-9-3,2359488307,Saab,9-3,2005.0,68000.0,Benzin,None,None,21.0,5500.0,2446.0,7996.0,10974.0,0.3121560780390195,fair,0.1729887894523543,0,,,,1.0,0,fr,SAAB 9-3,EUR,"Te koop: SAAB 9-3 benzine (1.8, 122 pk), bouwjaar 2005, slechts 68.000 km. Topconditie ‚Äì klaar voor gebruik! ‚úî Motor volledig gereviseerd ‚úî Nieuwe aandrijfriem en waterpomp ‚úî Gekeurd zonder opmerkingen ‚úî Eerste eigenaar ‚úî Onderhoud bij SAAB dealer Extra‚Äôs: airco, radio/CD, centrale vergrendeling, elektrische ramen. Carrosserie en interieur in zeer nette staat. Geen roest, geen schade. Prijs: ‚Ç¨5.500 Reden verkoop: wagen wordt niet meer gebruikt.",['https://images.2dehands.com/api/v1/listing-twh-p/images/a4/a4d78175-dc35-4acd-a46d-176a29400f8b?rule=ecg_mp_eps$_85'],,,,,,None,,,,,0.08088235294117647,[],{},3238.095238095238,,"Te koop: SAAB 9-3 benzine (1.8, 122 pk), bouwjaar 2005, slechts 68.000 km. Topconditie ‚Äì klaar voor gebruik! ‚úî Motor volledig gereviseerd ‚úî Nieuwe aandrijfriem en waterpomp ‚úî Gekeurd zonder opmerkingen ‚úî Eerste eigenaar ‚úî Onderhoud bij SAAB dealer Extra‚Äôs: airco, radio/CD, centrale vergrendeling, elektrische ramen. Carrosserie en interieur in zeer nette staat. Geen roest, geen schade. Prijs: ‚Ç¨5.500 Reden verkoop: wagen wordt niet meer gebruikt.",0.0,0.0,0.0,1.0,0.0,0.0,0.0,1.0,0.0,0.0,0.0,0.0,0.0,0.0,0.0,0.0,0.0,1.0,1.0,0.0,0.0,0.0,0.0,2.0,2.0,-2.0,448.0,"Te koop: SAAB 9-3 benzine (1.8, 122 pk), bouwjaar 2005, slechts 68.000 km. Topconditie ‚Äì klaar voor gebruik! ‚úî Motor volledig gereviseerd ‚úî Nieuwe aandrijfriem en waterpomp ‚úî Gekeurd zonder opmerkingen ‚úî Eerste eigenaar ‚úî Onderhoud bij SAAB dealer Extra‚Äôs: airco, radio/CD, centrale vergrendeling, elektrische ramen. Carrosserie en interieur in zeer nette staat. Geen roest, geen schade. Prijs: ‚Ç¨5.500 Reden verkoop: wagen wordt niet meer gebruikt."
https://www.2ememain.be/v/autos/saab/m2359392391-saab-9-3-2-0i-2000-171-000km-110kw150cv-feuille-rose,2359392391,Saab,9.3*2.0i * 2000*171.000km*,2000.0,171000.0,Essence,None,None,26.0,1950.0,1619.0,2981.0,7437.0,0.3458570949345857,fair,0.2473794864961133,0,,,,12.0,0,fr,Saab 9.3*2.0i * 2000*171.000km* 110kw150CV*feuille Rose,EUR,UNE SUPERBE COUP√âE SU√âDOISE: Inspect√© et approuv√© pour la vente ‚úÖ Gekeurd voor verkoop‚úÖ Saab 9.3 2.0 essence 110kw 150 CV 2000 171.000 km 1er Main Int√©rieur en Cuir Clim digitale 2 cl√© t√©l√©commande Verrouillage centralis√©e R√©gulateur de vitesse Porte-bagages Roule parfaitement aucun probl√®me Sera Vendu avec : Nouveau CT technique ‚úÖ Demande d‚Äôimmatriculation ‚úÖ CarPass ‚úÖ Certificat de conformit√©‚úÖ Pour plus d‚Äôinfos contactez le : 0032.486.60.65.61 ‚òéÔ∏èüìû‚òéÔ∏è Tel /whatssap ‚òéÔ∏èüìû‚òéÔ∏è,"['https://images.2dehands.com/api/v1/listing-twh-p/images/2e/2ea89a10-1ae4-4810-ba36-2b120bf3a1a5?rule=ecg_mp_eps$_85', 'https://images.2dehands.com/api/v1/profile-twh-p/images/9e/9e864052-0442-44a2-96ec-16a6aaec3b42?rule=ecg_mp_eps$_82', 'https://images.2dehands.com/api/v1/listing-twh-p/images/5d/5d57e8e2-55d7-4f5e-9c19-a53f94f075e1?rule=ecg_mp_eps$_83', 'https://images.2dehands.com/api/v1/listing-twh-p/images/23/236b6d2b-0be9-4561-b4b0-afb8cf31405d?rule=ecg_mp_eps$_83', 'https://images.2dehands.com/api/v1/listing-twh-p/images/d3/d32edaef-34d3-48ba-bf9e-6b129abfe61a?rule=ecg_mp_eps$_83', 'https://images.2dehands.com/api/v1/listing-twh-p/images/93/93f45b13-bde6-457b-b901-37431670afc8?rule=ecg_mp_eps$_83', 'https://images.2dehands.com/api/v1/listing-twh-p/images/a9/a9e84ff3-5155-4b32-ad4c-4da9eddbe8d1?rule=ecg_mp_eps$_83', 'https://images.2dehands.com/api/v1/listing-twh-p/images/c3/c3c23347-b8c0-4a3f-a803-a4666ff98111?rule=ecg_mp_eps$_83', 'https://images.2dehands.com/api/v1/listing-twh-p/images/b8/b871f13f-7bb9-4aa9-b69f-82ba7de1831b?rule=ecg_mp_eps$_83', 'https://images.2dehands.com/api/v1/listing-twh-p/images/4b/4bf1365a-9682-4c19-9e14-33312614780b?rule=ecg_mp_eps$_83', 'https://images.2dehands.com/api/v1/listing-twh-p/images/c8/c89b367e-250e-4bbe-8810-c77d14064c43?rule=ecg_mp_eps$_83', 'https://images.2dehands.com/api/v1/listing-twh-p/images/f2/f2de1a8e-c54a-4b97-8ed6-b5ae481c3fe6?rule=ecg_mp_eps$_83']",,,,,,None,,,,,0.011403508771929825,[],{},6576.923076923077,,UNE SUPERBE COUP√âE SU√âDOISE: Inspect√© et approuv√© pour la vente ‚úÖ Gekeurd voor verkoop‚úÖ Saab 9.3 2.0 essence 110kw 150 CV 2000 171.000 km 1er Main Int√©rieur en Cuir Clim digitale 2 cl√© t√©l√©commande Verrouillage centralis√©e R√©gulateur de vitesse Porte-bagages Roule parfaitement aucun probl√®me Sera Vendu avec : Nouveau CT technique ‚úÖ Demande d‚Äôimmatriculation ‚úÖ CarPass ‚úÖ Certificat de conformit√©‚úÖ Pour plus d‚Äôinfos contactez le : 0032.486.60.65.61 ‚òéÔ∏èüìû‚òéÔ∏è Tel /whatssap ‚òéÔ∏èüìû‚òéÔ∏è,0.0,0.0,0.0,0.0,0.0,0.0,0.0,0.0,0.0,0.0,0.0,0.0,0.0,0.0,0.0,0.0,1.0,0.0,0.0,0.0,0.0,0.0,1.0,2.0,0.0,2.0,466.0,UNE SUPERBE COUP√âE SU√âDOISE: Inspect√© et approuv√© pour la vente ‚úÖ Gekeurd voor verkoop‚úÖ Saab 9.3 2.0 essence 110kw 150 CV 2000 171.000 km 1er Main Int√©rieur en Cuir Clim digitale 2 cl√© t√©l√©commande Verrouillage centralis√©e R√©gulateur de vitesse Porte-bagages Roule parfaitement aucun probl√®me Sera Vendu avec : Nouveau CT technique ‚úÖ Demande d‚Äôimmatriculation ‚úÖ CarPass ‚úÖ Certificat de conformit√©‚úÖ Pour plus d‚Äôinfos contactez le : 0032.486.60.65.61 ‚òéÔ∏èüìû‚òéÔ∏è Tel /whatssap ‚òéÔ∏èüìû‚òéÔ∏è
https://www.2ememain.be/v/autos/saab/m2357729092-te-koop-saab-9-3,2357729092,Te,koop Saab 9.3,2004.0,71000.0,None,None,None,22.0,2750.0,2209.0,3760.0,8884.0,0.26861702127659576,fair,0.19055522594764682,0,,,,1.0,0,fr,Te koop Saab 9.3,EUR,"Wegens overlijden te koop. Deze Saab 9.3 is van het bouwjaar 2004. Heeft weinig km ( 71000 km) en is altijd onderhouden door merkverdeler. Start, schakelt, remt perfect. Voor meer informatie stuur maar een berichtje.",['https://images.2dehands.com/api/v1/listing-twh-p/images/c2/c20eca00-b974-455f-ad0c-2ce322ccaaea?rule=ecg_mp_eps$_85'],,,,,,None,,,,,0.03873239436619718,[],{},3227.2727272727275,,"Wegens overlijden te koop. Deze Saab 9.3 is van het bouwjaar 2004. Heeft weinig km ( 71000 km) en is altijd onderhouden door merkverdeler. Start, schakelt, remt perfect. Voor meer informatie stuur maar een berichtje.",0.0,0.0,0.0,0.0,0.0,0.0,0.0,0.0,0.0,0.0,0.0,0.0,0.0,0.0,0.0,0.0,0.0,0.0,0.0,0.0,0.0,0.0,0.0,0.0,0.0,0.0,216.0,"Wegens overlijden te koop. Deze Saab 9.3 is van het bouwjaar 2004. Heeft weinig km ( 71000 km) en is altijd onderhouden door merkverdeler. Start, schakelt, remt perfect. Voor meer informatie stuur maar een berichtje."
https://www.2ememain.be/v/autos/saab/m2358688335-saab-9-3-1-9-tid-break-vector-automaat,2358688335,Saab,9-3 1.9 TiD,2007.0,260190.0,None,Automatic,None,19.0,1750.0,1411.0,5832.0,10762.0,0.6999314128943759,fair,0.25255193881535504,0,,,,1.0,0,fr,SAAB 9-3 1.9 TiD BREAK VECTOR AUTOMAAT,EUR,"SAAB 9-3 1.9 TiD BREAK VECTOR AUTOMAAT Bouwjaar : 9e 2007 Km's : 265.691 110kw/150pk euro4 Uitvoering : Zilver metaalkleur Zwart lederen interieur Automaat Navigatie Automatische airco Zetelverwarming Cruise control 17"" alu velgen Parkeersensoren Lederen sportstuur Koplampsproeiers Geleverd met 2 sleutels Met volledige onderhoudsboek t.e.m. 260.190 km's Lichte hagelschade op dak & motorkap Exportprijs - ZONDER KEURING Prix export - SANS CONTROLLE TECHNIQUE Exportprice - WITHOUT TECHNICAL CONTROL",['https://images.2dehands.com/api/v1/listing-twh-p/images/35/354ee746-4ff2-476a-ac3e-0a4b8cfa6ff7?rule=ecg_mp_eps$_85'],,,,,,None,,,,,0.006725854183481302,[],{},13694.21052631579,,"SAAB 9-3 1.9 TiD BREAK VECTOR AUTOMAAT Bouwjaar : 9e 2007 Km's : 265.691 110kw/150pk euro4 Uitvoering : Zilver metaalkleur Zwart lederen interieur Automaat Navigatie Automatische airco Zetelverwarming Cruise control 17"" alu velgen Parkeersensoren Lederen sportstuur Koplampsproeiers Geleverd met 2 sleutels Met volledige onderhoudsboek t.e.m. 260.190 km's Lichte hagelschade op dak & motorkap Exportprijs - ZONDER KEURING Prix export - SANS CONTROLLE TECHNIQUE Exportprice - WITHOUT TECHNICAL CONTROL",1.0,0.0,0.0,0.0,0.0,0.0,0.0,0.0,0.0,0.0,0.0,0.0,0.0,0.0,0.0,0.0,0.0,0.0,0.0,0.0,0.0,0.0,0.0,0.0,1.0,-2.0,494.0,"SAAB 9-3 1.9 TiD BREAK VECTOR AUTOMAAT Bouwjaar : 9e 2007 Km's : 265.691 110kw/150pk euro4 Uitvoering : Zilver metaalkleur Zwart lederen interieur Automaat Navigatie Automatische airco Zetelverwarming Cruise control 17"" alu velgen Parkeersensoren Lederen sportstuur Koplampsproeiers Geleverd met 2 sleutels Met volledige onderhoudsboek t.e.m. 260.190 km's Lichte hagelschade op dak & motorkap Exportprijs - ZONDER KEURING Prix export - SANS CONTROLLE TECHNIQUE Exportprice - WITHOUT TECHNICAL CONTROL"
https://www.2ememain.be/v/autos/saab/m2358480289-saab-9-3-1-9-tid-110-kw-150ch-169-850km-dans-l-etat-1200euro,2358480289,Saab,9-3 1.9 TID,2007.0,169850.0,None,Manual,None,19.0,1200.0,1787.0,3497.0,9005.0,0.6568487274806978,good_deal,0.24692909887319472,0,,,,,0,fr,Saab 9-3 1.9 TID 110 kw/150ch 169.850km dans l'√©tat 1200euro,EUR,"BIEN LIRE SVP! Saab 9-3 berline 1910cc turbodiesel 110kw/150ch EURO4 Annee 05/2007 - 169.850km Manuel 6-vitesses Carnet d'entretien enti√®rement sign√© + factures (voir photos) Technique et m√©canique en tr√®s bon √©tat La voiture roule et change de vitesse bien VOLANT MOTEUR FAIT DU BRUIT + la voiture ralentit quand le moteur est froid et le moteur ne tourne pas stationair La carrosserie pr√©sente des signes d'usure et de rayures ici et l√† (voir photos), normal pour l'√¢ge/les kilom√®tres Le v√©hicule est vendu pour remise en √©tat, exportation ou commerce, dans l‚Äô√©tat o√π il se trouve, √† emporter tel quel BONPRIX 1200euro DANS L'ETAT INFO 0488/250.563 PAS DE SMS/CHAT/EMAIL, IL SUFFIT D'APPELER TANT QUE LA VOITURE EST EN LIGNE, ELLE EST EN VENTE!",[],,,,,,None,,,,,0.007065057403591404,[],{},8939.473684210527,,"BIEN LIRE SVP! Saab 9-3 berline 1910cc turbodiesel 110kw/150ch EURO4 Annee 05/2007 - 169.850km Manuel 6-vitesses Carnet d'entretien enti√®rement sign√© + factures (voir photos) Technique et m√©canique en tr√®s bon √©tat La voiture roule et change de vitesse bien VOLANT MOTEUR FAIT DU BRUIT + la voiture ralentit quand le moteur est froid et le moteur ne tourne pas stationair La carrosserie pr√©sente des signes d'usure et de rayures ici et l√† (voir photos), normal pour l'√¢ge/les kilom√®tres Le v√©hicule est vendu pour remise en √©tat, exportation ou commerce, dans l‚Äô√©tat o√π il se trouve, √† emporter tel quel BONPRIX 1200euro DANS L'ETAT INFO 0488/250.563 PAS DE SMS/CHAT/EMAIL, IL SUFFIT D'APPELER TANT QUE LA VOITURE EST EN LIGNE, ELLE EST EN VENTE!",0.0,0.0,0.0,1.0,0.0,0.0,0.0,0.0,0.0,1.0,0.0,0.0,0.0,0.0,0.0,0.0,0.0,1.0,0.0,0.0,0.0,0.0,0.0,1.0,2.0,-3.0,737.0,"BIEN LIRE SVP! Saab 9-3 berline 1910cc turbodiesel 110kw/150ch EURO4 Annee 05/2007 - 169.850km Manuel 6-vitesses Carnet d'entretien enti√®rement sign√© + factures (voir photos) Technique et m√©canique en tr√®s bon √©tat La voiture roule et change de vitesse bien VOLANT MOTEUR FAIT DU BRUIT + la voiture ralentit quand le moteur est froid et le moteur ne tourne pas stationair La carrosserie pr√©sente des signes d'usure et de rayures ici et l√† (voir photos), normal pour l'√¢ge/les kilom√®tres Le v√©hicule est vendu pour remise en √©tat, exportation ou commerce, dans l‚Äô√©tat o√π il se trouve, √† emporter tel quel BONPRIX 1200euro DANS L'ETAT INFO 0488/250.563 PAS DE SMS/CHAT/EMAIL, IL SUFFIT D'APPELER TANT QUE LA VOITURE EST EN LIGNE, ELLE EST EN VENTE!"
https://www.2ememain.be/v/autos/saab/m2347188005-saab-9-3-cabrio-1-9tid-080-000km-automaat-bwj-2010-keuring,2347188005,Saab,9-3 Cabrio 1.9tid,2010.0,80000.0,None,Automatic,None,16.0,7950.0,1719.0,4571.0,10512.0,-0.7392255523955371,fair,0.17103821678795583,0,,,,2.0,0,fr,Saab 9-3 Cabrio 1.9tid 080.000km Automaat bwj 2010 keuring,EUR,Uniek saab 9-3 Cabrio bwj 2010 van 1eigenaar wagen met maar 080.000km compleet boekje en volledig carpass Automaat navi leder verwarmde zetels cruiscontrol parkeersensoors Zeer mooie wagen overname steeds moelijk ook opleg mijn kant Auto word gekeurd voor verkoop Met 12 maande garantie Test rit mogelijk 0487709599,"['https://images.2dehands.com/api/v1/listing-twh-p/images/e6/e690a519-a109-49f9-9536-565c88f350d4?rule=ecg_mp_eps$_85', 'https://images.2dehands.com/api/v1/dm-profile-twh-p/images/12/1275ec36-c9c0-4eb4-972b-ac3e21a64bf6?rule=ecg_mp_eps$_82']",,,,,,None,,,,,0.099375,[],{},5000.0,,Uniek saab 9-3 Cabrio bwj 2010 van 1eigenaar wagen met maar 080.000km compleet boekje en volledig carpass Automaat navi leder verwarmde zetels cruiscontrol parkeersensoors Zeer mooie wagen overname steeds moelijk ook opleg mijn kant Auto word gekeurd voor verkoop Met 12 maande garantie Test rit mogelijk 0487709599,0.0,0.0,0.0,0.0,0.0,0.0,0.0,0.0,0.0,0.0,0.0,0.0,0.0,0.0,0.0,0.0,1.0,0.0,0.0,0.0,1.0,0.0,0.0,2.0,0.0,2.0,304.0,Uniek saab 9-3 Cabrio bwj 2010 van 1eigenaar wagen met maar 080.000km compleet boekje en volledig carpass Automaat navi leder verwarmde zetels cruiscontrol parkeersensoors Zeer mooie wagen overname steeds moelijk ook opleg mijn kant Auto word gekeurd voor verkoop Met 12 maande garantie Test rit mogelijk 0487709599
https://www.2ememain.be/v/autos/saab/m2355083773-saab9-3-de-2007-z19dth-16v-pour-pieces,2355083773,Saab9-3,de 2007 z19dth,2007.0,309000.0,None,None,None,19.0,1500.0,1617.0,2550.0,8231.0,0.4117647058823529,suspicious,0.7841878921933282,1,,,,1.0,0,fr,Saab9-3 de 2007 z19dth 16v pour pi√®ces,EUR,Saab9-3 1.9 TID z19dth vector sport 16v de 2007 Je vends pour pi√®ces Turbo HS volets de turbulence HS CIM HS mais court circuit√© La voiture d√©marre au quart de tour. 309000 km Injecteurs nouveaux 600 eur Distribution nouvelle avec pompe a eau . Feux x√©non.,['https://images.2dehands.com/api/v1/listing-twh-p/images/7e/7e325b63-ebd5-40a2-b097-d856dd170bbe?rule=ecg_mp_eps$_85'],,,,,,None,,,,,0.0048543689320388345,[],{},16263.157894736842,,Saab9-3 1.9 TID z19dth vector sport 16v de 2007 Je vends pour pi√®ces Turbo HS volets de turbulence HS CIM HS mais court circuit√© La voiture d√©marre au quart de tour. 309000 km Injecteurs nouveaux 600 eur Distribution nouvelle avec pompe a eau . Feux x√©non.,0.0,0.0,0.0,0.0,0.0,0.0,0.0,0.0,0.0,0.0,0.0,0.0,0.0,0.0,1.0,0.0,0.0,0.0,0.0,0.0,0.0,0.0,0.0,0.0,1.0,-2.0,249.0,Saab9-3 1.9 TID z19dth vector sport 16v de 2007 Je vends pour pi√®ces Turbo HS volets de turbulence HS CIM HS mais court circuit√© La voiture d√©marre au quart de tour. 309000 km Injecteurs nouveaux 600 eur Distribution nouvelle avec pompe a eau . Feux x√©non.
https://www.2ememain.be/v/autos/saab/m2346094926-export-saab-9-3-1-9-tid,2346094926,Export,Saab 9-3 1.9,2008.0,202000.0,None,None,None,18.0,1250.0,1664.0,2888.0,8296.0,0.567174515235457,good_deal,0.22355892988433596,0,,,,2.0,0,fr,EXPORT Saab 9-3 1.9 TiD,EUR,"EXPORT Saab 9-3 1.9 TiD This is a private car that is being sold ""as is"" without technical inspection and/or warranty. First registration 06/2008 202000 km 2 owners (1 year corporate leasing and 16 years the current owner) Technical condition: Valid technical inspection until 06/2026 The car runs and shifts normal When it is cold it has difficulties starting and with the central locking system During the last inspection (06/2025) the car got a remark about the engine light being on due to the compression ignition Please contact us through whatsapp for a video of the running engine (+32456228991).","['https://images.2dehands.com/api/v1/listing-twh-p/images/cd/cd11b601-56f7-43d5-93aa-946ac28da333?rule=ecg_mp_eps$_85', 'https://images.2dehands.com/api/v1/profile-twh-p/images/44/4425e524-fc57-4fff-b028-a66db4fee5f7?rule=ecg_mp_eps$_82']",,,,,,None,,,,,0.006188118811881188,[],{},11222.222222222223,,"EXPORT Saab 9-3 1.9 TiD This is a private car that is being sold ""as is"" without technical inspection and/or warranty. First registration 06/2008 202000 km 2 owners (1 year corporate leasing and 16 years the current owner) Technical condition: Valid technical inspection until 06/2026 The car runs and shifts normal When it is cold it has difficulties starting and with the central locking system During the last inspection (06/2025) the car got a remark about the engine light being on due to the compression ignition Please contact us through whatsapp for a video of the running engine (+32456228991).",1.0,0.0,0.0,0.0,0.0,0.0,0.0,0.0,0.0,0.0,0.0,0.0,0.0,0.0,0.0,0.0,0.0,0.0,0.0,0.0,0.0,0.0,0.0,0.0,1.0,-2.0,581.0,"EXPORT Saab 9-3 1.9 TiD This is a private car that is being sold ""as is"" without technical inspection and/or warranty. First registration 06/2008 202000 km 2 owners (1 year corporate leasing and 16 years the current owner) Technical condition: Valid technical inspection until 06/2026 The car runs and shifts normal When it is cold it has difficulties starting and with the central locking system During the last inspection (06/2025) the car got a remark about the engine light being on due to the compression ignition Please contact us through whatsapp for a video of the running engine (+32456228991)."
https://www.2ememain.be/v/autos/saab/m2355090036-saab-9-3-1-8t-2006-cabrio-garantie,2355090036,Saab,"9-3, 1.8T, 2006,",2006.0,211050.0,Benzin,None,None,20.0,8495.0,1906.0,5934.0,10336.0,-0.4315807212672733,fair,0.19012763536166274,0,,,,2.0,0,fr,"Saab 9-3, 1.8T, 2006, Cabrio, Garantie...",EUR,"Beste In samenwerking met Raccoon Motors (Saab Specialist) verkopen wij een Saab 9-3, Cabrio uit 2006. Het gaat om een 1.8t benzine met 150pk. Een super goed rijdende Saab 9-3 Cabrio. De wagen is in uitstekende staat zowel binnen als buiten. De Saab is steeds netjes onderhouden en heeft een volledig ingevuld onderhoudsboekje. De wagen heeft de volgende eigenschappen: - 211050km - 03/2006 Opties: - Multifunctioneel Stuur, - Elektrische Ruiten, - Centrale Vergrendeling Met Afstandbediening, - Airco, - Lederen Interieur, - Automatisch Dak, - Lichtmetalen Velgen, - Zetelverwarming, - Parkeersensoren Achter, - .... Verder komt de wagen met de volgende extra's: - 12 Maanden Wettelijke Garantie - Keuring Voor Verkoop, - Onderhoud, - Professionele reiniging. Handelaars ook welkom. Voor meer informatie of een bezichtiging kan je me steeds bereiken via mail, telefoonnummer of via de chat. Seppe Faes 0474/716731 faesautomotive@gmail.com","['https://images.2dehands.com/api/v1/listing-twh-p/images/d3/d3d32b8c-a306-4d1e-821d-c815ef8f741f?rule=ecg_mp_eps$_85', 'https://images.2dehands.com/api/v1/profile-twh-p/images/0b/0b0ca74a-54ba-49ae-83f2-3a42cc79f096?rule=ecg_mp_eps$_82']",,,,,,None,,,,,0.040251125325752195,[],{},10552.5,,"Beste In samenwerking met Raccoon Motors (Saab Specialist) verkopen wij een Saab 9-3, Cabrio uit 2006. Het gaat om een 1.8t benzine met 150pk. Een super goed rijdende Saab 9-3 Cabrio. De wagen is in uitstekende staat zowel binnen als buiten. De Saab is steeds netjes onderhouden en heeft een volledig ingevuld onderhoudsboekje. De wagen heeft de volgende eigenschappen: - 211050km - 03/2006 Opties: - Multifunctioneel Stuur, - Elektrische Ruiten, - Centrale Vergrendeling Met Afstandbediening, - Airco, - Lederen Interieur, - Automatisch Dak, - Lichtmetalen Velgen, - Zetelverwarming, - Parkeersensoren Achter, - .... Verder komt de wagen met de volgende extra's: - 12 Maanden Wettelijke Garantie - Keuring Voor Verkoop, - Onderhoud, - Professionele reiniging. Handelaars ook welkom. Voor meer informatie of een bezichtiging kan je me steeds bereiken via mail, telefoonnummer of via de chat. Seppe Faes 0474/716731 faesautomotive@gmail.com",0.0,0.0,0.0,0.0,0.0,0.0,0.0,0.0,0.0,0.0,0.0,0.0,0.0,0.0,0.0,0.0,0.0,1.0,0.0,0.0,1.0,0.0,0.0,2.0,0.0,2.0,933.0,"Beste In samenwerking met Raccoon Motors (Saab Specialist) verkopen wij een Saab 9-3, Cabrio uit 2006. Het gaat om een 1.8t benzine met 150pk. Een super goed rijdende Saab 9-3 Cabrio. De wagen is in uitstekende staat zowel binnen als buiten. De Saab is steeds netjes onderhouden en heeft een volledig ingevuld onderhoudsboekje. De wagen heeft de volgende eigenschappen: - 211050km - 03/2006 Opties: - Multifunctioneel Stuur, - Elektrische Ruiten, - Centrale Vergrendeling Met Afstandbediening, - Airco, - Lederen Interieur, - Automatisch Dak, - Lichtmetalen Velgen, - Zetelverwarming, - Parkeersensoren Achter, - .... Verder komt de wagen met de volgende extra's: - 12 Maanden Wettelijke Garantie - Keuring Voor Verkoop, - Onderhoud, - Professionele reiniging. Handelaars ook welkom. Voor meer informatie of een bezichtiging kan je me steeds bereiken via mail, telefoonnummer of via de chat. Seppe Faes 0474/716731 faesautomotive@gmail.com"
https://www.2ememain.be/v/autos/saab/m2355075218-saab-9-3-1-9-tid-2007-station-140000km-garantie,2355075218,Saab,"9-3, 1.9 TiD,",2007.0,140000.0,None,None,None,19.0,6495.0,1941.0,8133.0,10354.0,0.2014016967908521,fair,0.2241813065181634,0,,,,2.0,0,fr,"Saab 9-3, 1.9 TiD, 2007, Station, 140000km, Garantie ...",EUR,"Beste In samenwerking met Raccoon Motors (Saab Specialist) verkopen wij een Saab 9-3, Station uit 2007. Het gaat om een 1.9TiD met 120pk. De wagen is in zeer goede staat en netjes zowel binnen als buiten. Ondanks de leeftijd heeft hij nog geen 140000km gelopen. De wagen heeft een volledig ingevuld onderhoudsboekje. Bijkomend is 20000km geleden de distributieriem, waterpomp en multiriem vervangen. De wagen heeft de volgende eigenschappen: - 139850km - 12/2007 Opties: - Multifunctioneel Stuur, - Elektrische Ruiten, - Centrale Vergrendeling Met Afstandbediening, - Airco, - Lederen Interieur, - Lichtmetalen Velgen, - Xenon Koplampen, - Trekhaak, - .... Verder komt de wagen met de volgende extra's: - 12 maanden wettelijke garantie, - Keuring Voor Verkoop, - Onderhoud, - Professionele reiniging. Handelaars ook welkom. Voor meer informatie of een bezichtiging kan je me steeds bereiken via mail, telefoonnummer of via de chat. Seppe Faes 0474/716731 faesautomotive@gmail.com","['https://images.2dehands.com/api/v1/listing-twh-p/images/f5/f55752d2-9d29-4e30-a3c6-89c1804103a1?rule=ecg_mp_eps$_85', 'https://images.2dehands.com/api/v1/profile-twh-p/images/0b/0b0ca74a-54ba-49ae-83f2-3a42cc79f096?rule=ecg_mp_eps$_82']",,,,,,None,,,,,0.046392857142857145,[],{},7368.421052631579,,"Beste In samenwerking met Raccoon Motors (Saab Specialist) verkopen wij een Saab 9-3, Station uit 2007. Het gaat om een 1.9TiD met 120pk. De wagen is in zeer goede staat en netjes zowel binnen als buiten. Ondanks de leeftijd heeft hij nog geen 140000km gelopen. De wagen heeft een volledig ingevuld onderhoudsboekje. Bijkomend is 20000km geleden de distributieriem, waterpomp en multiriem vervangen. De wagen heeft de volgende eigenschappen: - 139850km - 12/2007 Opties: - Multifunctioneel Stuur, - Elektrische Ruiten, - Centrale Vergrendeling Met Afstandbediening, - Airco, - Lederen Interieur, - Lichtmetalen Velgen, - Xenon Koplampen, - Trekhaak, - .... Verder komt de wagen met de volgende extra's: - 12 maanden wettelijke garantie, - Keuring Voor Verkoop, - Onderhoud, - Professionele reiniging. Handelaars ook welkom. Voor meer informatie of een bezichtiging kan je me steeds bereiken via mail, telefoonnummer of via de chat. Seppe Faes 0474/716731 faesautomotive@gmail.com",0.0,0.0,0.0,0.0,0.0,0.0,0.0,0.0,0.0,0.0,0.0,0.0,0.0,0.0,0.0,0.0,0.0,1.0,0.0,0.0,1.0,0.0,0.0,2.0,0.0,2.0,973.0,"Beste In samenwerking met Raccoon Motors (Saab Specialist) verkopen wij een Saab 9-3, Station uit 2007. Het gaat om een 1.9TiD met 120pk. De wagen is in zeer goede staat en netjes zowel binnen als buiten. Ondanks de leeftijd heeft hij nog geen 140000km gelopen. De wagen heeft een volledig ingevuld onderhoudsboekje. Bijkomend is 20000km geleden de distributieriem, waterpomp en multiriem vervangen. De wagen heeft de volgende eigenschappen: - 139850km - 12/2007 Opties: - Multifunctioneel Stuur, - Elektrische Ruiten, - Centrale Vergrendeling Met Afstandbediening, - Airco, - Lederen Interieur, - Lichtmetalen Velgen, - Xenon Koplampen, - Trekhaak, - .... Verder komt de wagen met de volgende extra's: - 12 maanden wettelijke garantie, - Keuring Voor Verkoop, - Onderhoud, - Professionele reiniging. Handelaars ook welkom. Voor meer informatie of een bezichtiging kan je me steeds bereiken via mail, telefoonnummer of via de chat. Seppe Faes 0474/716731 faesautomotive@gmail.com"
https://www.2ememain.be/v/autos/saab/m2345219112-saab-9-3-cabrio-vector-2-0-turbo-avec-seulement-42-000-km,2345219112,Saab,9-3 Cabrio Vector,2021.0,42000.0,None,None,None,5.0,21500.0,3239.0,7115.0,11080.0,-2.021784961349262,overpriced,0.19954039762891687,0,,,,1.0,0,fr,Saab 9-3 Cabrio Vector 2.0 Turbo avec seulement 42 000 km,EUR,"Nieuw Binnen: 9-3 cabrio met slechts 42000km van 2de eigenaar. In 2021 door ons gekocht van eerste eigenaar en sindsdien bij ons in onderhoud. In juni 25 kreeg de wagen nog een groot onderhoud. Onderhoudshistoriek aanwezig. Jet black metallic Beige lederen bekleding met stoelverwarming 300 watt audiosysteem met navigatie. Vector uitvoering Parkeersensoren achteraan Regensensor Wagen wordt geleverd met keuring, aanvraag tot inschrijving en een jaar wettelijke waarborg..",['https://images.2dehands.com/api/v1/listing-twh-p/images/60/60599063-19bb-462b-a638-f777231ea7ec?rule=ecg_mp_eps$_85'],,,,,,None,,,,,0.5119047619047619,[],{},8400.0,,"Nieuw Binnen: 9-3 cabrio met slechts 42000km van 2de eigenaar. In 2021 door ons gekocht van eerste eigenaar en sindsdien bij ons in onderhoud. In juni 25 kreeg de wagen nog een groot onderhoud. Onderhoudshistoriek aanwezig. Jet black metallic Beige lederen bekleding met stoelverwarming 300 watt audiosysteem met navigatie. Vector uitvoering Parkeersensoren achteraan Regensensor Wagen wordt geleverd met keuring, aanvraag tot inschrijving en een jaar wettelijke waarborg..",0.0,0.0,0.0,0.0,0.0,0.0,0.0,0.0,0.0,0.0,0.0,0.0,0.0,0.0,0.0,0.0,0.0,1.0,1.0,0.0,1.0,0.0,0.0,3.0,0.0,3.0,473.0,"Nieuw Binnen: 9-3 cabrio met slechts 42000km van 2de eigenaar. In 2021 door ons gekocht van eerste eigenaar en sindsdien bij ons in onderhoud. In juni 25 kreeg de wagen nog een groot onderhoud. Onderhoudshistoriek aanwezig. Jet black metallic Beige lederen bekleding met stoelverwarming 300 watt audiosysteem met navigatie. Vector uitvoering Parkeersensoren achteraan Regensensor Wagen wordt geleverd met keuring, aanvraag tot inschrijving en een jaar wettelijke waarborg.."
https://www.2ememain.be/v/autos/saab/m2353676581-saab-93-2-0i-130-ch-essence-full-options-5-portes,2353676581,Saab,93 2.0i 130,2000.0,170000.0,Essence,Manual,None,26.0,2495.0,1653.0,3253.0,8600.0,0.23301567783584384,fair,0.19809432888127737,0,,,,1.0,0,fr,Saab 93 2.0i 130 Ch Essence Full Options 5 Portes,EUR,"üöó Saab 9-3 2.0i 130 Ch Essence Full Option ‚Äì Excellent √©tat, fiable et confortable üìÖ Ann√©e : 03 / 2000 ‚è±Ô∏è Kilom√©trage : 170.000 Km ‚öôÔ∏è Motorisation : 2.0i essence 130 Ch üïπÔ∏è Bo√Æte de vitesses : manuelle 5 Vitesses üöò Carrosserie : 5 portes üé® Couleur : Vert fonc√© m√©tallis√© Int√©rieur en Full Cuir Beige üîé Description du v√©hicule : √Ä vendre Saab 9-3 2.0i en tr√®s bon √©tat g√©n√©ral, aussi bien √† l‚Äôext√©rieur qu‚Äô√† l‚Äôint√©rieur. Voiture propre, bien entretenue et toujours conduite avec soin. La carrosserie est brillante, sans gros d√©faut, et l‚Äôhabitacle est en tr√®s bon √©tat. La Saab 9-3 est connue pour sa robustesse, sa s√©curit√© et son confort typiquement su√©dois. Id√©ale comme voiture principale ou seconde voiture fiable et √©conomique. --- ‚öôÔ∏è √âquipements et options : Climatisation Direction assist√©e 4 Vitres √©lectriques Fermeture centralis√©e Autoradio CD Attelage de remorque Si√®ges confortables en Cuir --- üß∞ Entretien et √©tat m√©canique : Vidange et filtres r√©cents Pneus en bon √©tat Freins v√©rifi√©s Aucun voyant au tableau de bord üí∞ Prix : 2495‚Ç¨ üìç Localisation : Zaventem üìû Contact : Appels Uniquement !!! ‚òéÔ∏è 0Ô∏è‚É£4Ô∏è‚É£9Ô∏è‚É£4Ô∏è‚É£ 7Ô∏è‚É£5Ô∏è‚É£ 0Ô∏è‚É£4Ô∏è‚É£ 6Ô∏è‚É£4Ô∏è‚É£",['https://images.2dehands.com/api/v1/listing-twh-p/images/60/60ccacff-4516-46bd-a339-68bfb59e88bf?rule=ecg_mp_eps$_85'],,,,,,None,,,,,0.014676470588235294,[],{},6538.461538461538,,"üöó Saab 9-3 2.0i 130 Ch Essence Full Option ‚Äì Excellent √©tat, fiable et confortable üìÖ Ann√©e : 03 / 2000 ‚è±Ô∏è Kilom√©trage : 170.000 Km ‚öôÔ∏è Motorisation : 2.0i essence 130 Ch üïπÔ∏è Bo√Æte de vitesses : manuelle 5 Vitesses üöò Carrosserie : 5 portes üé® Couleur : Vert fonc√© m√©tallis√© Int√©rieur en Full Cuir Beige üîé Description du v√©hicule : √Ä vendre Saab 9-3 2.0i en tr√®s bon √©tat g√©n√©ral, aussi bien √† l‚Äôext√©rieur qu‚Äô√† l‚Äôint√©rieur. Voiture propre, bien entretenue et toujours conduite avec soin. La carrosserie est brillante, sans gros d√©faut, et l‚Äôhabitacle est en tr√®s bon √©tat. La Saab 9-3 est connue pour sa robustesse, sa s√©curit√© et son confort typiquement su√©dois. Id√©ale comme voiture principale ou seconde voiture fiable et √©conomique. --- ‚öôÔ∏è √âquipements et options : Climatisation Direction assist√©e 4 Vitres √©lectriques Fermeture centralis√©e Autoradio CD Attelage de remorque Si√®ges confortables en Cuir --- üß∞ Entretien et √©tat m√©canique : Vidange et filtres r√©cents Pneus en bon √©tat Freins v√©rifi√©s Aucun voyant au tableau de bord üí∞ Prix : 2495‚Ç¨ üìç Localisation : Zaventem üìû Contact : Appels Uniquement !!! ‚òéÔ∏è 0Ô∏è‚É£4Ô∏è‚É£9Ô∏è‚É£4Ô∏è‚É£ 7Ô∏è‚É£5Ô∏è‚É£ 0Ô∏è‚É£4Ô∏è‚É£ 6Ô∏è‚É£4Ô∏è‚É£",0.0,0.0,0.0,0.0,0.0,0.0,0.0,0.0,0.0,0.0,0.0,0.0,0.0,0.0,0.0,0.0,0.0,1.0,0.0,0.0,0.0,0.0,0.0,1.0,0.0,1.0,1142.0,"üöó Saab 9-3 2.0i 130 Ch Essence Full Option ‚Äì Excellent √©tat, fiable et confortable üìÖ Ann√©e : 03 / 2000 ‚è±Ô∏è Kilom√©trage : 170.000 Km ‚öôÔ∏è Motorisation : 2.0i essence 130 Ch üïπÔ∏è Bo√Æte de vitesses : manuelle 5 Vitesses üöò Carrosserie : 5 portes üé® Couleur : Vert fonc√© m√©tallis√© Int√©rieur en Full Cuir Beige üîé Description du v√©hicule : √Ä vendre Saab 9-3 2.0i en tr√®s bon √©tat g√©n√©ral, aussi bien √† l‚Äôext√©rieur qu‚Äô√† l‚Äôint√©rieur. Voiture propre, bien entretenue et toujours conduite avec soin. La carrosserie est brillante, sans gros d√©faut, et l‚Äôhabitacle est en tr√®s bon √©tat. La Saab 9-3 est connue pour sa robustesse, sa s√©curit√© et son confort typiquement su√©dois. Id√©ale comme voiture principale ou seconde voiture fiable et √©conomique. --- ‚öôÔ∏è √âquipements et options : Climatisation Direction assist√©e 4 Vitres √©lectriques Fermeture centralis√©e Autoradio CD Attelage de remorque Si√®ges confortables en Cuir --- üß∞ Entretien et √©tat m√©canique : Vidange et filtres r√©cents Pneus en bon √©tat Freins v√©rifi√©s Aucun voyant au tableau de bord üí∞ Prix : 2495‚Ç¨ üìç Localisation : Zaventem üìû Contact : Appels Uniquement !!! ‚òéÔ∏è 0Ô∏è‚É£4Ô∏è‚É£9Ô∏è‚É£4Ô∏è‚É£ 7Ô∏è‚É£5Ô∏è‚É£ 0Ô∏è‚É£4Ô∏è‚É£ 6Ô∏è‚É£4Ô∏è‚É£"
https://www.2ememain.be/v/autos/saab/m2352882272-saab-9-3-cabriolet-1-9-tid-16v-bj-2006-198000km,2352882272,Saab,9-3 Cabriolet 1.9,2006.0,198000.0,Electric,Manual,None,20.0,3450.0,2083.0,5183.0,9101.0,0.33436233841404595,fair,0.19897382135959255,0,,,,1.0,0,fr,Saab 9-3 Cabriolet 1.9 TiD 16v bj. 2006 198000km,EUR,"SAAB 9.3 cabriolet 2.0 bj. 2006 met 199000km. Euro 4. Handelaarsprijs/Meeneemprijs: 3950 ‚Ç¨ Prijs particulier: 4950 ‚Ç¨ inclusief: - Keuring voor verkoop ( 80 puntencontrole ) - Car-Pass (... Saab 9-3 Cabriolet 1.9 TiD 16v bj. 2006 198000km Transmission: 6 vitesses, Commande manuelle Couleur: Noir m√©tallis√© Couleur int√©rieure: noir Nombre de places assises: 4 TVA/marge: TVA non d√©ductible (r√©gime de la marge b√©n√©ficiaire) Options et accessoires Airbag chauffeur Airbag passager Airbags lat√©raux Climate control ESP Fen√™tres √©lectriques ISOFIX Livrets d'entretien pr√©sents Ordinateur de bord Radio/Lecteur CD Roues en m√©tal l√©ger R√©glage antid√©rapant R√©troviseurs ext√©rieurs √† r√©glage √©lectrique Si√®ges sport Starter Support bras interm√©diaire Syst√®me antiblocage Verre teint√© Verrouillage centralis√© des portes Verrouillage centralis√© √† distance Volant cuir Volant multifunction V√©hicule non-fumeur Remarques SAAB 9.3 cabriolet 2.0 bj. 2006 met 199000km. Euro 4. Handelaarsprijs/Meeneemprijs: 3950 ‚Ç¨ Prijs particulier: 4950 ‚Ç¨ inclusief: - Keuring voor verkoop ( 80 puntencontrole ) - Car-Pass ( kilometercertificaat ) - Onderhoudsbeurt voor aflevering auto - Professionele dieptereiniging interieur - 12 maanden garantie Tel. 0493.93.83.83 Auto Denys Dijkstraat 22 9160 Lokeren Num√©ro de t√©l√©phone: 0032 493 93 83 83 Adresse e-mail: autodenys@gmail.com",['https://images.2dehands.com/api/v1/listing-twh-p/images/c0/c0fac92e-a2ac-4485-a4e5-fcab9f356a72?rule=ecg_mp_eps$_85'],,,,,,None,,,,,0.017424242424242425,[],{},9900.0,,"SAAB 9.3 cabriolet 2.0 bj. 2006 met 199000km. Euro 4. Handelaarsprijs/Meeneemprijs: 3950 ‚Ç¨ Prijs particulier: 4950 ‚Ç¨ inclusief: - Keuring voor verkoop ( 80 puntencontrole ) - Car-Pass (... Saab 9-3 Cabriolet 1.9 TiD 16v bj. 2006 198000km Transmission: 6 vitesses, Commande manuelle Couleur: Noir m√©tallis√© Couleur int√©rieure: noir Nombre de places assises: 4 TVA/marge: TVA non d√©ductible (r√©gime de la marge b√©n√©ficiaire) Options et accessoires Airbag chauffeur Airbag passager Airbags lat√©raux Climate control ESP Fen√™tres √©lectriques ISOFIX Livrets d'entretien pr√©sents Ordinateur de bord Radio/Lecteur CD Roues en m√©tal l√©ger R√©glage antid√©rapant R√©troviseurs ext√©rieurs √† r√©glage √©lectrique Si√®ges sport Starter Support bras interm√©diaire Syst√®me antiblocage Verre teint√© Verrouillage centralis√© des portes Verrouillage centralis√© √† distance Volant cuir Volant multifunction V√©hicule non-fumeur Remarques SAAB 9.3 cabriolet 2.0 bj. 2006 met 199000km. Euro 4. Handelaarsprijs/Meeneemprijs: 3950 ‚Ç¨ Prijs particulier: 4950 ‚Ç¨ inclusief: - Keuring voor verkoop ( 80 puntencontrole ) - Car-Pass ( kilometercertificaat ) - Onderhoudsbeurt voor aflevering auto - Professionele dieptereiniging interieur - 12 maanden garantie Tel. 0493.93.83.83 Auto Denys Dijkstraat 22 9160 Lokeren Num√©ro de t√©l√©phone: 0032 493 93 83 83 Adresse e-mail: autodenys@gmail.com",0.0,0.0,0.0,0.0,0.0,0.0,0.0,0.0,0.0,0.0,0.0,0.0,0.0,0.0,0.0,0.0,0.0,1.0,0.0,1.0,1.0,0.0,0.0,3.0,0.0,3.0,1316.0,"SAAB 9.3 cabriolet 2.0 bj. 2006 met 199000km. Euro 4. Handelaarsprijs/Meeneemprijs: 3950 ‚Ç¨ Prijs particulier: 4950 ‚Ç¨ inclusief: - Keuring voor verkoop ( 80 puntencontrole ) - Car-Pass (... Saab 9-3 Cabriolet 1.9 TiD 16v bj. 2006 198000km Transmission: 6 vitesses, Commande manuelle Couleur: Noir m√©tallis√© Couleur int√©rieure: noir Nombre de places assises: 4 TVA/marge: TVA non d√©ductible (r√©gime de la marge b√©n√©ficiaire) Options et accessoires Airbag chauffeur Airbag passager Airbags lat√©raux Climate control ESP Fen√™tres √©lectriques ISOFIX Livrets d'entretien pr√©sents Ordinateur de bord Radio/Lecteur CD Roues en m√©tal l√©ger R√©glage antid√©rapant R√©troviseurs ext√©rieurs √† r√©glage √©lectrique Si√®ges sport Starter Support bras interm√©diaire Syst√®me antiblocage Verre teint√© Verrouillage centralis√© des portes Verrouillage centralis√© √† distance Volant cuir Volant multifunction V√©hicule non-fumeur Remarques SAAB 9.3 cabriolet 2.0 bj. 2006 met 199000km. Euro 4. Handelaarsprijs/Meeneemprijs: 3950 ‚Ç¨ Prijs particulier: 4950 ‚Ç¨ inclusief: - Keuring voor verkoop ( 80 puntencontrole ) - Car-Pass ( kilometercertificaat ) - Onderhoudsbeurt voor aflevering auto - Professionele dieptereiniging interieur - 12 maanden garantie Tel. 0493.93.83.83 Auto Denys Dijkstraat 22 9160 Lokeren Num√©ro de t√©l√©phone: 0032 493 93 83 83 Adresse e-mail: autodenys@gmail.com"
https://www.2ememain.be/v/autos/saab/m2333011463-saab-9-3-2-0-essence-automatique-2006-110kw,2333011463,Saab,9-3 2.0 Essence,2006.0,175154.0,Essence,Automatic,None,20.0,2900.0,1078.0,2312.0,8988.0,-0.25432525951557095,fair,0.2107543895557225,0,,,,2.0,0,fr,Saab 9-3 2.0 Essence Automatique 2006 110kw,EUR,Saab 9-3 2.0 Essence 2006 110kw 150ch euro 4. 175.154km Bonne m√©canique et roule tr√®s bien prix export ou marchand !!!!!! Pour plus d‚Äôinformations contactez le num√©ro de t√©l√©phone ou WhatsApp +32 497 30 30 03,"['https://images.2dehands.com/api/v1/listing-twh-p/images/0e/0ef07881-6bbc-4aa7-9e35-113d5586e62a?rule=ecg_mp_eps$_85', 'https://images.2dehands.com/api/v1/profile-twh-p/images/1d/1d8417e9-b078-42ad-bc13-1b292f29ab73?rule=ecg_mp_eps$_82']",,,,,,None,,,,,0.016556858535916964,[],{},8757.7,,Saab 9-3 2.0 Essence 2006 110kw 150ch euro 4. 175.154km Bonne m√©canique et roule tr√®s bien prix export ou marchand !!!!!! Pour plus d‚Äôinformations contactez le num√©ro de t√©l√©phone ou WhatsApp +32 497 30 30 03,1.0,0.0,0.0,0.0,0.0,0.0,0.0,0.0,0.0,0.0,0.0,0.0,0.0,0.0,0.0,0.0,0.0,0.0,0.0,0.0,0.0,0.0,0.0,0.0,1.0,-2.0,183.0,Saab 9-3 2.0 Essence 2006 110kw 150ch euro 4. 175.154km Bonne m√©canique et roule tr√®s bien prix export ou marchand !!!!!! Pour plus d‚Äôinformations contactez le num√©ro de t√©l√©phone ou WhatsApp +32 497 30 30 03
https://www.2ememain.be/v/autos/saab/m2345689342-saab-9-3-2-0t,2345689342,Saab,9-3 2.0t,2003.0,203000.0,Benzin,Automatic,None,23.0,2800.0,1616.0,4788.0,9379.0,0.4152046783625731,fair,0.21219353668086102,0,,,,1.0,0,fr,Saab 9-3 2.0t,EUR,"Te koop: Saab 9-3 2.0t Automaat ‚Äì betrouwbare en karaktervolle Zweedse turbo-benzine! Kilometerstand: 203.000 km Motor: 2.0 liter turbobenzine Vermogen: ¬± 185 pk ‚Äì sportieve maar bruikbare power Transmissie: Automatische versnellingsbak Voorwielaandrijving ‚Äì comfortabel en probleemloos rijden Bouwjaar: 2003 üö™ Aantal deuren: 5 / Sedan ‚∏ª Waarom deze Saab 9-3 een slimme keuze is Klassiek en tijdloos design De Saab 9-3 heeft een karaktervolle look die nog altijd opvalt in het verkeer ‚Äì subtiel sportief en elegant tegelijk. ‚úîÔ∏è Comfortabel en volwassen weggedrag De auto rijdt vooral comfortabel op de baan en is ideaal als dagelijkse wagen, lange ritten of zelfs voor weekendtrips. ‚úîÔ∏è Turbo-motor met karakter De 2.0 t turbo-motor levert voldoende vermogen voor vlotte acceleraties en blijft betrouwbaar bij normaal gebruik. Saab-motoren staan bekend om hun turbokracht bij relatief lage toerentallen. ‚úîÔ∏è Praktisch en ruim Met een ruime kofferbak en comfortabele zitplaatsen voor vijf personen is dit een auto die altijd meer kan dan alleen pendelen.",['https://images.2dehands.com/api/v1/listing-twh-p/images/2f/2f493de2-f9fe-4a0e-948a-2d0fdbab14a4?rule=ecg_mp_eps$_85'],,,,,,None,,,,,0.013793103448275862,[],{},8826.08695652174,,"Te koop: Saab 9-3 2.0t Automaat ‚Äì betrouwbare en karaktervolle Zweedse turbo-benzine! Kilometerstand: 203.000 km Motor: 2.0 liter turbobenzine Vermogen: ¬± 185 pk ‚Äì sportieve maar bruikbare power Transmissie: Automatische versnellingsbak Voorwielaandrijving ‚Äì comfortabel en probleemloos rijden Bouwjaar: 2003 üö™ Aantal deuren: 5 / Sedan ‚∏ª Waarom deze Saab 9-3 een slimme keuze is Klassiek en tijdloos design De Saab 9-3 heeft een karaktervolle look die nog altijd opvalt in het verkeer ‚Äì subtiel sportief en elegant tegelijk. ‚úîÔ∏è Comfortabel en volwassen weggedrag De auto rijdt vooral comfortabel op de baan en is ideaal als dagelijkse wagen, lange ritten of zelfs voor weekendtrips. ‚úîÔ∏è Turbo-motor met karakter De 2.0 t turbo-motor levert voldoende vermogen voor vlotte acceleraties en blijft betrouwbaar bij normaal gebruik. Saab-motoren staan bekend om hun turbokracht bij relatief lage toerentallen. ‚úîÔ∏è Praktisch en ruim Met een ruime kofferbak en comfortabele zitplaatsen voor vijf personen is dit een auto die altijd meer kan dan alleen pendelen.",0.0,0.0,0.0,0.0,0.0,0.0,0.0,0.0,0.0,0.0,0.0,0.0,0.0,0.0,0.0,0.0,0.0,0.0,0.0,0.0,0.0,0.0,0.0,0.0,0.0,0.0,1051.0,"Te koop: Saab 9-3 2.0t Automaat ‚Äì betrouwbare en karaktervolle Zweedse turbo-benzine! Kilometerstand: 203.000 km Motor: 2.0 liter turbobenzine Vermogen: ¬± 185 pk ‚Äì sportieve maar bruikbare power Transmissie: Automatische versnellingsbak Voorwielaandrijving ‚Äì comfortabel en probleemloos rijden Bouwjaar: 2003 üö™ Aantal deuren: 5 / Sedan ‚∏ª Waarom deze Saab 9-3 een slimme keuze is Klassiek en tijdloos design De Saab 9-3 heeft een karaktervolle look die nog altijd opvalt in het verkeer ‚Äì subtiel sportief en elegant tegelijk. ‚úîÔ∏è Comfortabel en volwassen weggedrag De auto rijdt vooral comfortabel op de baan en is ideaal als dagelijkse wagen, lange ritten of zelfs voor weekendtrips. ‚úîÔ∏è Turbo-motor met karakter De 2.0 t turbo-motor levert voldoende vermogen voor vlotte acceleraties en blijft betrouwbaar bij normaal gebruik. Saab-motoren staan bekend om hun turbokracht bij relatief lage toerentallen. ‚úîÔ∏è Praktisch en ruim Met een ruime kofferbak en comfortabele zitplaatsen voor vijf personen is dit een auto die altijd meer kan dan alleen pendelen."
https://www.2ememain.be/v/autos/saab/m2351802834-saab-93-2-0i-130-ch-essence-full-options-5-portes,2351802834,Saab,93 2.0i 130,2000.0,170000.0,Essence,Manual,None,26.0,2495.0,1653.0,3253.0,8600.0,0.23301567783584384,fair,0.19809432888127737,0,,,,1.0,0,fr,Saab 93 2.0i 130 Ch Essence Full Options 5 Portes,EUR,"üöó Saab 9-3 2.0i 130 Ch Essence Full Option ‚Äì Excellent √©tat, fiable et confortable üìÖ Ann√©e : 03 / 2000 ‚è±Ô∏è Kilom√©trage : 170.000 Km ‚öôÔ∏è Motorisation : 2.0i essence 130 Ch üïπÔ∏è Bo√Æte de vitesses : manuelle 5 Vitesses üöò Carrosserie : 5 portes üé® Couleur : Vert fonc√© m√©tallis√© Int√©rieur en Full Cuir Beige üîé Description du v√©hicule : √Ä vendre Saab 9-3 2.0i en tr√®s bon √©tat g√©n√©ral, aussi bien √† l‚Äôext√©rieur qu‚Äô√† l‚Äôint√©rieur. Voiture propre, bien entretenue et toujours conduite avec soin. La carrosserie est brillante, sans gros d√©faut, et l‚Äôhabitacle est en tr√®s bon √©tat. La Saab 9-3 est connue pour sa robustesse, sa s√©curit√© et son confort typiquement su√©dois. Id√©ale comme voiture principale ou seconde voiture fiable et √©conomique. --- ‚öôÔ∏è √âquipements et options : Climatisation Direction assist√©e 4 Vitres √©lectriques Fermeture centralis√©e Autoradio CD Attelage de remorque Si√®ges confortables en Cuir --- üß∞ Entretien et √©tat m√©canique : Vidange et filtres r√©cents Pneus en bon √©tat Freins v√©rifi√©s Aucun voyant au tableau de bord üí∞ Prix : 2495‚Ç¨ üìç Localisation : Zaventem üìû Contact : Appels Uniquement !!! ‚òéÔ∏è 0Ô∏è‚É£4Ô∏è‚É£9Ô∏è‚É£4Ô∏è‚É£ 7Ô∏è‚É£5Ô∏è‚É£ 0Ô∏è‚É£4Ô∏è‚É£ 6Ô∏è‚É£4Ô∏è‚É£",['https://images.2dehands.com/api/v1/listing-twh-p/images/49/49f28a85-58f4-4e67-b6c1-1378d6ab5ae2?rule=ecg_mp_eps$_85'],,,,,,None,,,,,0.014676470588235294,[],{},6538.461538461538,,"üöó Saab 9-3 2.0i 130 Ch Essence Full Option ‚Äì Excellent √©tat, fiable et confortable üìÖ Ann√©e : 03 / 2000 ‚è±Ô∏è Kilom√©trage : 170.000 Km ‚öôÔ∏è Motorisation : 2.0i essence 130 Ch üïπÔ∏è Bo√Æte de vitesses : manuelle 5 Vitesses üöò Carrosserie : 5 portes üé® Couleur : Vert fonc√© m√©tallis√© Int√©rieur en Full Cuir Beige üîé Description du v√©hicule : √Ä vendre Saab 9-3 2.0i en tr√®s bon √©tat g√©n√©ral, aussi bien √† l‚Äôext√©rieur qu‚Äô√† l‚Äôint√©rieur. Voiture propre, bien entretenue et toujours conduite avec soin. La carrosserie est brillante, sans gros d√©faut, et l‚Äôhabitacle est en tr√®s bon √©tat. La Saab 9-3 est connue pour sa robustesse, sa s√©curit√© et son confort typiquement su√©dois. Id√©ale comme voiture principale ou seconde voiture fiable et √©conomique. --- ‚öôÔ∏è √âquipements et options : Climatisation Direction assist√©e 4 Vitres √©lectriques Fermeture centralis√©e Autoradio CD Attelage de remorque Si√®ges confortables en Cuir --- üß∞ Entretien et √©tat m√©canique : Vidange et filtres r√©cents Pneus en bon √©tat Freins v√©rifi√©s Aucun voyant au tableau de bord üí∞ Prix : 2495‚Ç¨ üìç Localisation : Zaventem üìû Contact : Appels Uniquement !!! ‚òéÔ∏è 0Ô∏è‚É£4Ô∏è‚É£9Ô∏è‚É£4Ô∏è‚É£ 7Ô∏è‚É£5Ô∏è‚É£ 0Ô∏è‚É£4Ô∏è‚É£ 6Ô∏è‚É£4Ô∏è‚É£",0.0,0.0,0.0,0.0,0.0,0.0,0.0,0.0,0.0,0.0,0.0,0.0,0.0,0.0,0.0,0.0,0.0,1.0,0.0,0.0,0.0,0.0,0.0,1.0,0.0,1.0,1142.0,"üöó Saab 9-3 2.0i 130 Ch Essence Full Option ‚Äì Excellent √©tat, fiable et confortable üìÖ Ann√©e : 03 / 2000 ‚è±Ô∏è Kilom√©trage : 170.000 Km ‚öôÔ∏è Motorisation : 2.0i essence 130 Ch üïπÔ∏è Bo√Æte de vitesses : manuelle 5 Vitesses üöò Carrosserie : 5 portes üé® Couleur : Vert fonc√© m√©tallis√© Int√©rieur en Full Cuir Beige üîé Description du v√©hicule : √Ä vendre Saab 9-3 2.0i en tr√®s bon √©tat g√©n√©ral, aussi bien √† l‚Äôext√©rieur qu‚Äô√† l‚Äôint√©rieur. Voiture propre, bien entretenue et toujours conduite avec soin. La carrosserie est brillante, sans gros d√©faut, et l‚Äôhabitacle est en tr√®s bon √©tat. La Saab 9-3 est connue pour sa robustesse, sa s√©curit√© et son confort typiquement su√©dois. Id√©ale comme voiture principale ou seconde voiture fiable et √©conomique. --- ‚öôÔ∏è √âquipements et options : Climatisation Direction assist√©e 4 Vitres √©lectriques Fermeture centralis√©e Autoradio CD Attelage de remorque Si√®ges confortables en Cuir --- üß∞ Entretien et √©tat m√©canique : Vidange et filtres r√©cents Pneus en bon √©tat Freins v√©rifi√©s Aucun voyant au tableau de bord üí∞ Prix : 2495‚Ç¨ üìç Localisation : Zaventem üìû Contact : Appels Uniquement !!! ‚òéÔ∏è 0Ô∏è‚É£4Ô∏è‚É£9Ô∏è‚É£4Ô∏è‚É£ 7Ô∏è‚É£5Ô∏è‚É£ 0Ô∏è‚É£4Ô∏è‚É£ 6Ô∏è‚É£4Ô∏è‚É£"
https://www.2ememain.be/v/autos/saab/m2350677023-saab-9-3-1-9-tid-bj-2007-179000km,2350677023,Saab,9-3 1.9 Tid,2007.0,179000.0,Electric,Automatic,None,19.0,1950.0,1938.0,3825.0,9190.0,0.49019607843137253,fair,0.2945863872733888,0,,,,1.0,0,fr,Saab 9-3 1.9 Tid bj. 2007 179000km,EUR,"Saab 9-3 1.9 Tid bj. 2007 179000km Transmission: 6 vitesses, Commande manuelle Couleur: Gris m√©tallis√© Nombre de places assises: 5 TVA/marge: TVA non d√©ductible (r√©gime de la marge b√©n√©ficiaire) Options et accessoires Airbag chauffeur Airbag passager Airbags arri√®re Airbags de t√™te Airbags lat√©raux Air conditionn√© Antibrouillards avant Banquette arri√®re rabattable (parties in√©gales) Climate control ESP Fen√™tres √©lectriques Feux de croisement automatiques ISOFIX Livrets d'entretien pr√©sents Radio/Lecteur CD Radio avec lecteur MP3 Roues en m√©tal l√©ger R√©glage antid√©rapant R√©troviseurs ext√©rieurs √† r√©glage √©lectrique Si√®ges sport Starter Support bras interm√©diaire Syst√®me antiblocage Syst√®me d'alarme Verre teint√© Verrouillage centralis√© des portes Verrouillage centralis√© √† distance Volant cuir Volant multifunction V√©hicule non-fumeur Auto Denys Dijkstraat 22 9160 Lokeren Num√©ro de t√©l√©phone: 0032 493 93 83 83 Adresse e-mail: autodenys@gmail.com",['https://images.2dehands.com/api/v1/listing-twh-p/images/e8/e8beb0df-a5a3-4539-ad3d-d162be87028c?rule=ecg_mp_eps$_85'],,,,,,None,,,,,0.010893854748603353,[],{},9421.052631578947,,"Saab 9-3 1.9 Tid bj. 2007 179000km Transmission: 6 vitesses, Commande manuelle Couleur: Gris m√©tallis√© Nombre de places assises: 5 TVA/marge: TVA non d√©ductible (r√©gime de la marge b√©n√©ficiaire) Options et accessoires Airbag chauffeur Airbag passager Airbags arri√®re Airbags de t√™te Airbags lat√©raux Air conditionn√© Antibrouillards avant Banquette arri√®re rabattable (parties in√©gales) Climate control ESP Fen√™tres √©lectriques Feux de croisement automatiques ISOFIX Livrets d'entretien pr√©sents Radio/Lecteur CD Radio avec lecteur MP3 Roues en m√©tal l√©ger R√©glage antid√©rapant R√©troviseurs ext√©rieurs √† r√©glage √©lectrique Si√®ges sport Starter Support bras interm√©diaire Syst√®me antiblocage Syst√®me d'alarme Verre teint√© Verrouillage centralis√© des portes Verrouillage centralis√© √† distance Volant cuir Volant multifunction V√©hicule non-fumeur Auto Denys Dijkstraat 22 9160 Lokeren Num√©ro de t√©l√©phone: 0032 493 93 83 83 Adresse e-mail: autodenys@gmail.com",0.0,0.0,0.0,0.0,0.0,0.0,0.0,0.0,0.0,0.0,0.0,0.0,0.0,0.0,0.0,0.0,0.0,1.0,0.0,1.0,0.0,0.0,0.0,2.0,0.0,2.0,918.0,"Saab 9-3 1.9 Tid bj. 2007 179000km Transmission: 6 vitesses, Commande manuelle Couleur: Gris m√©tallis√© Nombre de places assises: 5 TVA/marge: TVA non d√©ductible (r√©gime de la marge b√©n√©ficiaire) Options et accessoires Airbag chauffeur Airbag passager Airbags arri√®re Airbags de t√™te Airbags lat√©raux Air conditionn√© Antibrouillards avant Banquette arri√®re rabattable (parties in√©gales) Climate control ESP Fen√™tres √©lectriques Feux de croisement automatiques ISOFIX Livrets d'entretien pr√©sents Radio/Lecteur CD Radio avec lecteur MP3 Roues en m√©tal l√©ger R√©glage antid√©rapant R√©troviseurs ext√©rieurs √† r√©glage √©lectrique Si√®ges sport Starter Support bras interm√©diaire Syst√®me antiblocage Syst√®me d'alarme Verre teint√© Verrouillage centralis√© des portes Verrouillage centralis√© √† distance Volant cuir Volant multifunction V√©hicule non-fumeur Auto Denys Dijkstraat 22 9160 Lokeren Num√©ro de t√©l√©phone: 0032 493 93 83 83 Adresse e-mail: autodenys@gmail.com"
https://www.2ememain.be/v/autos/saab/m2345427866-saab-9-3-ttdi-aero-sw-cuir-navi-bose-sound,2345427866,Saab,9.3 TTDi Aero,2008.0,236000.0,None,None,None,18.0,4900.0,1098.0,2752.0,8109.0,-0.7805232558139535,fair,0.2597012898788472,0,,,,2.0,0,fr,Saab 9.3 TTDi Aero SW cuir / navi/ Bose Sound,EUR,Saab 9.3 TTDi Aero Break SYST√àME DE NAVIGATION EN CUIR BOSE SOUND Ann√©e 2008. 236 000 km Concessionnaire Saab sp√©cialiste de la maintenance Carnet d'entretien et factures disponibles. Fonctionne parfaitement. Ventes de pr√©f√©rence aux passionn√©s de Saab.,"['https://images.2dehands.com/api/v1/listing-twh-p/images/b2/b2fac3b3-d68d-44c4-a904-32784f600d09?rule=ecg_mp_eps$_85', 'https://images.2dehands.com/api/v1/profile-twh-p/images/7a/7a8fd9ab-62a7-4c76-bd93-ba255c9e9ae6?rule=ecg_mp_eps$_82']",,,,,,None,,,,,0.02076271186440678,[],{},13111.111111111111,,Saab 9.3 TTDi Aero Break SYST√àME DE NAVIGATION EN CUIR BOSE SOUND Ann√©e 2008. 236 000 km Concessionnaire Saab sp√©cialiste de la maintenance Carnet d'entretien et factures disponibles. Fonctionne parfaitement. Ventes de pr√©f√©rence aux passionn√©s de Saab.,0.0,0.0,0.0,0.0,0.0,0.0,0.0,0.0,0.0,0.0,0.0,0.0,0.0,0.0,0.0,0.0,0.0,1.0,0.0,0.0,0.0,0.0,0.0,1.0,0.0,1.0,245.0,Saab 9.3 TTDi Aero Break SYST√àME DE NAVIGATION EN CUIR BOSE SOUND Ann√©e 2008. 236 000 km Concessionnaire Saab sp√©cialiste de la maintenance Carnet d'entretien et factures disponibles. Fonctionne parfaitement. Ventes de pr√©f√©rence aux passionn√©s de Saab.
https://www.2ememain.be/v/autos/saab/m2321173214-saab-1-9-ttid-vector,2321173214,Saab,"1,9 TTID Vector",2011.0,199000.0,None,None,None,15.0,5995.0,2530.0,2996.0,8486.0,-1.0010013351134845,fair,0.3036301550547717,0,,,,1.0,0,fr,"Saab 1,9 TTID Vector",EUR,"Tr√®s belle Saab 9.3 1,9 TTID 2011 euro 5 160cv avec 199000 km. Six vitesses avec position sport.Contr√¥le technique vierge valable jusqu'√† juin 2026. Carpass. Entretenue r√©guli√®rement chez un professionnel Saab. √âtat carrosserie et m√©canique impeccable. Jantes 18 avec nouveaux pneus Michelin 4 saisons. Hifi Bose 11HP Woofer. Bo√Æte r√©vis√©e, courroie distribution de 20000km. Nouveau gaz airco + entretien.Nouveaux disques, plaquettes, amortisseurs. Nouvelle batterie. Toutes les factures sont √† disposition. 4 Jantes 17 pour pneus hiver. Attache remorque amovible. Si√®ge conducteur l√©g√®rement us√©. Je vend cette splendide Saab pour l'achat d'une nouvelle voiture. Cette voiture est dans un excellent √©tat m√©canique et carrosserie impeccable. Non fumeur et tr√®s propre. Elle restera dans un garage. Au d√©part le prix √©tait de 7995 euros vu son √©tat impeccable. Le prix demand√© actuellement est largement en dessous de sa valeur r√©elle.",['https://images.2dehands.com/api/v1/listing-twh-p/images/58/5803d282-2396-4dcc-a009-ee54f1bf105b?rule=ecg_mp_eps$_85'],,,,,,None,,,,,0.030125628140703516,[],{},13266.666666666666,,"Tr√®s belle Saab 9.3 1,9 TTID 2011 euro 5 160cv avec 199000 km. Six vitesses avec position sport.Contr√¥le technique vierge valable jusqu'√† juin 2026. Carpass. Entretenue r√©guli√®rement chez un professionnel Saab. √âtat carrosserie et m√©canique impeccable. Jantes 18 avec nouveaux pneus Michelin 4 saisons. Hifi Bose 11HP Woofer. Bo√Æte r√©vis√©e, courroie distribution de 20000km. Nouveau gaz airco + entretien.Nouveaux disques, plaquettes, amortisseurs. Nouvelle batterie. Toutes les factures sont √† disposition. 4 Jantes 17 pour pneus hiver. Attache remorque amovible. Si√®ge conducteur l√©g√®rement us√©. Je vend cette splendide Saab pour l'achat d'une nouvelle voiture. Cette voiture est dans un excellent √©tat m√©canique et carrosserie impeccable. Non fumeur et tr√®s propre. Elle restera dans un garage. Au d√©part le prix √©tait de 7995 euros vu son √©tat impeccable. Le prix demand√© actuellement est largement en dessous de sa valeur r√©elle.",0.0,0.0,0.0,0.0,0.0,0.0,0.0,0.0,0.0,0.0,0.0,0.0,0.0,0.0,0.0,0.0,1.0,1.0,0.0,1.0,0.0,0.0,0.0,3.0,0.0,3.0,927.0,"Tr√®s belle Saab 9.3 1,9 TTID 2011 euro 5 160cv avec 199000 km. Six vitesses avec position sport.Contr√¥le technique vierge valable jusqu'√† juin 2026. Carpass. Entretenue r√©guli√®rement chez un professionnel Saab. √âtat carrosserie et m√©canique impeccable. Jantes 18 avec nouveaux pneus Michelin 4 saisons. Hifi Bose 11HP Woofer. Bo√Æte r√©vis√©e, courroie distribution de 20000km. Nouveau gaz airco + entretien.Nouveaux disques, plaquettes, amortisseurs. Nouvelle batterie. Toutes les factures sont √† disposition. 4 Jantes 17 pour pneus hiver. Attache remorque amovible. Si√®ge conducteur l√©g√®rement us√©. Je vend cette splendide Saab pour l'achat d'une nouvelle voiture. Cette voiture est dans un excellent √©tat m√©canique et carrosserie impeccable. Non fumeur et tr√®s propre. Elle restera dans un garage. Au d√©part le prix √©tait de 7995 euros vu son √©tat impeccable. Le prix demand√© actuellement est largement en dessous de sa valeur r√©elle."
https://www.2ememain.be/v/autos/saab/m2323359658-saab-9-3-turbo-cabriolet-2002-kit-embrayage-remis-a-neuf,2323359658,Saab,9-3 turbo cabriolet,2002.0,2000.0,None,None,None,24.0,2500.0,1805.0,3952.0,10296.0,0.3674089068825911,fair,0.23155873567582602,0,,,,2.0,0,fr,Saab 9-3 turbo cabriolet 2002 kit EMBRAYAGE REMIS A NEUF,EUR,"Saab 9-3 Turbo Cabriolet ‚Äì 2002 ‚Ä¢ Embrayage complet refait r√©cemment (kit + √©metteur) chez garagiste ‚Ä¢ Gros entretien effectu√© il y a 1000‚Äì2000 km (bougies, filtres, vidange, etc.) ‚Ä¢ Capote en parfait √©tat de fonctionnement ‚Ä¢ Int√©rieur en tr√®s bon √©tat ‚Ä¢ Deux cl√©s disponibles ‚Ä¢ Carpass complet avec historique du v√©hicule ‚Ä¢ Contr√¥le technique valable jusqu‚Äôen mai Quelques d√©fauts √† signaler : ‚Ä¢ L√©g√®res traces sur les pare-chocs avant et arri√®re ‚Ä¢ Deux petites zones de vernis parties (env. 4‚Äì5 cm) Voiture bien entretenue, fiable et pr√™te √† rouler.","['https://images.2dehands.com/api/v1/listing-twh-p/images/dc/dc8332df-eed1-443d-92ed-67c7e5af6362?rule=ecg_mp_eps$_85', 'https://images.2dehands.com/api/v1/profile-twh-p/images/1d/1d90dfa2-1e0c-43c0-8e2c-3202b87bb027?rule=ecg_mp_eps$_82']",,,,,,None,,,,,1.25,[],{},83.33333333333333,,"Saab 9-3 Turbo Cabriolet ‚Äì 2002 ‚Ä¢ Embrayage complet refait r√©cemment (kit + √©metteur) chez garagiste ‚Ä¢ Gros entretien effectu√© il y a 1000‚Äì2000 km (bougies, filtres, vidange, etc.) ‚Ä¢ Capote en parfait √©tat de fonctionnement ‚Ä¢ Int√©rieur en tr√®s bon √©tat ‚Ä¢ Deux cl√©s disponibles ‚Ä¢ Carpass complet avec historique du v√©hicule ‚Ä¢ Contr√¥le technique valable jusqu‚Äôen mai Quelques d√©fauts √† signaler : ‚Ä¢ L√©g√®res traces sur les pare-chocs avant et arri√®re ‚Ä¢ Deux petites zones de vernis parties (env. 4‚Äì5 cm) Voiture bien entretenue, fiable et pr√™te √† rouler.",0.0,0.0,0.0,0.0,0.0,0.0,0.0,0.0,0.0,0.0,0.0,0.0,0.0,0.0,0.0,0.0,1.0,1.0,0.0,0.0,0.0,0.0,0.0,2.0,0.0,2.0,551.0,"Saab 9-3 Turbo Cabriolet ‚Äì 2002 ‚Ä¢ Embrayage complet refait r√©cemment (kit + √©metteur) chez garagiste ‚Ä¢ Gros entretien effectu√© il y a 1000‚Äì2000 km (bougies, filtres, vidange, etc.) ‚Ä¢ Capote en parfait √©tat de fonctionnement ‚Ä¢ Int√©rieur en tr√®s bon √©tat ‚Ä¢ Deux cl√©s disponibles ‚Ä¢ Carpass complet avec historique du v√©hicule ‚Ä¢ Contr√¥le technique valable jusqu‚Äôen mai Quelques d√©fauts √† signaler : ‚Ä¢ L√©g√®res traces sur les pare-chocs avant et arri√®re ‚Ä¢ Deux petites zones de vernis parties (env. 4‚Äì5 cm) Voiture bien entretenue, fiable et pr√™te √† rouler."
https://www.2ememain.be/v/autos/saab/m2315563886-saab-9-3-tdid-boite-automatique-pret-a-immatricule,2315563886,Saab,9-3 tdid Bo√Æte,2006.0,249000.0,Electric,Automatic,None,20.0,2199.0,1619.0,2113.0,7452.0,-0.04070042593469001,fair,0.298347101098738,0,,,,2.0,0,fr,Saab 9-3 tdid Bo√Æte Automatique Pr√™t √† immatricul√©,EUR,"Saab 9-3 tdid Bo√Æte Automatique carnet d'entretien, de 2006 avec 249000km √©volutif 1900cc 150cv, kit de distribution remplacer √† 216000km Full options V√©hicule tr√®s propre ext√©rieur tout comme int√©rieur. V√©hicule de non-fumeur. Avec int√©rieur cuir chauffant, Airco digitaal, cruise control, verrouillage central, feux antibrouillards, direction assist√©e, ABS, radio CD commandes au volant, capteur de recul, 4 vitres √©lectriques, isofix, peinture m√©tal, jantes alu... Avec le contr√¥le technique occasion pour la vente fourni avec sa demande d'immatriculation et son nouveau car pass : 2199‚Ç¨ Visible sur rdv","['https://images.2dehands.com/api/v1/listing-twh-p/images/93/93f9e3af-7947-47fa-bb66-0260e5d41fff?rule=ecg_mp_eps$_85', 'https://images.2dehands.com/api/v1/profile-twh-p/images/53/53e290b2-c63f-495d-a200-111ccb6938d6?rule=ecg_mp_eps$_82']",,,,,,None,,,,,0.008831325301204819,[],{},12450.0,,"Saab 9-3 tdid Bo√Æte Automatique carnet d'entretien, de 2006 avec 249000km √©volutif 1900cc 150cv, kit de distribution remplacer √† 216000km Full options V√©hicule tr√®s propre ext√©rieur tout comme int√©rieur. V√©hicule de non-fumeur. Avec int√©rieur cuir chauffant, Airco digitaal, cruise control, verrouillage central, feux antibrouillards, direction assist√©e, ABS, radio CD commandes au volant, capteur de recul, 4 vitres √©lectriques, isofix, peinture m√©tal, jantes alu... Avec le contr√¥le technique occasion pour la vente fourni avec sa demande d'immatriculation et son nouveau car pass : 2199‚Ç¨ Visible sur rdv",0.0,0.0,0.0,0.0,0.0,0.0,0.0,0.0,0.0,0.0,0.0,0.0,0.0,0.0,0.0,0.0,0.0,1.0,0.0,1.0,0.0,0.0,0.0,2.0,0.0,2.0,606.0,"Saab 9-3 tdid Bo√Æte Automatique carnet d'entretien, de 2006 avec 249000km √©volutif 1900cc 150cv, kit de distribution remplacer √† 216000km Full options V√©hicule tr√®s propre ext√©rieur tout comme int√©rieur. V√©hicule de non-fumeur. Avec int√©rieur cuir chauffant, Airco digitaal, cruise control, verrouillage central, feux antibrouillards, direction assist√©e, ABS, radio CD commandes au volant, capteur de recul, 4 vitres √©lectriques, isofix, peinture m√©tal, jantes alu... Avec le contr√¥le technique occasion pour la vente fourni avec sa demande d'immatriculation et son nouveau car pass : 2199‚Ç¨ Visible sur rdv"
