url,ad_id,language,title,price_eur,currency,seller_name,seller_rating,seller_reviews_count,description,images_count,images,make,model,year,mileage_km,fuel,transmission,engine_liters,power_hp,power_kw,co2_gkm,consumption_l_100,body_type,color,doors,drivetrain_raw,turbo,euro_norm,age_years,price_per_km,options_count,options,specs_raw
https://www.2ememain.be/v/autos/saab/m2360914332-saab-9-3-cabrio-2-0-benzine-automaat-1-jaar-garantie,2360914332,fr,Saab 9-3 Cabrio 2.0 benzine Automaat 1 JAAR GARANTIE,10999,EUR,,,,"Saab 9-3 Cabrio 2.0 Benzine AUTOMAAT | Navigatie | Parkeersensoren | Stoelverwarming ‚Äì ‚Ç¨10.999 all-in Belangrijkste gegevens ‚Ä¢ Bouwjaar: 05/2005 ‚Ä¢ Kilometerstand: 142.647 km (Car-Pass certificaat, aantoonbaar) ‚Ä¢ Vermogen: 129 kW / 175 pk ‚Ä¢ Brandstof: Benzine (1.998 cc) ‚Ä¢ Transmissie: Automaat ‚Ä¢ Zitplaatsen: 4 ‚Ä¢ Euronorm: 4 ‚Ä¢ Keuring voor verkoop: Inclusief bij aflevering ‚Ä¢ Garantie: 1 jaar inbegrepen ‚Ä¢ Prijs: ‚Ç¨10.999 all-in Uitrusting en opties ‚Ä¢ Airconditioning ‚Ä¢ Elektrische ramen ‚Ä¢ Elektrisch verstelbare zijspiegels ‚Ä¢ Parkeersensoren achter ‚Ä¢ Centrale vergrendeling ‚Ä¢ Cruise control ‚Ä¢ Radio / CD / Bluetooth ‚Ä¢ Navigatie ‚Ä¢ Memory stoelen ‚Ä¢ Stoelverwarming De auto wordt v√≥√≥r aflevering schoon gemaakt, van binnen en buiten. Testrit mogelijk. Overname van uw auto is mogelijk. Rizq Occasions BV Oostmalsebaan 4 2960 Brecht Tel: 0465/141923 U kunt mij bereiken van maandag tot zondag via chat, sms, WhatsApp of telefonisch. Wij werken uitsluitend op afspraak, zodat iedereen de persoonlijke aandacht krijgt die hij of zij verdient.",2,https://images.2dehands.com/api/v1/listing-twh-p/images/6e/6ec3f3c4-a2f3-41df-b523-8848da45d00f?rule=ecg_mp_eps$_85|https://images.2dehands.com/api/v1/profile-twh-p/images/74/74c298fa-dea8-4ae0-a64d-7be5676d8914?rule=ecg_mp_eps$_82,Saab,9-3 Cabrio 2.0,2005,142647,Benzin,Automatic,,,,,,,,,,,,21,0.077106,0,,{}
https://www.2ememain.be/v/autos/saab/m2360678625-saab93-turbo-cabrio-automaat-airco-leer-navi-lpg,2360678625,fr,SAAB93 Turbo Cabrio AUTOMAAT AIRCO LEER NAVi LPG!,4500,EUR,,,,"Deze Saab 93 2.0 Turbo Cabrio Automaat is van 2003 LPG is van 2003 en heeft 374.000 km gereden! Auto rijdt zeer zeer goed ondanks deze kilometerstand! Van buiten en van binnen in een goede staat! Banden zijn recent vernieuwd! Deze mooie Cabrio is van een echt liefhebber geweest! Auto is verder voorzien van een automatische airco, leren interieur, verwarmde stoelen, lm velgen met zeer goede banden, elektrische cabrio kap, elektrische en getinte ramen, elektrische spiegels! Prijs 4.500 Euro inclusief keuring voor verkoop! Zeker de moeite waard om eens naar deze auto te komen kijken eens rijden! Info 0032-468-475984!",1,https://images.2dehands.com/api/v1/listing-twh-p/images/15/1585f51b-7b51-43f4-b337-5bec7d938469?rule=ecg_mp_eps$_85,Saab93,Turbo Cabrio AUTOMAAT,2003,374000,LPG,Automatic,,,,,,,,,,,,23,0.012032,0,,{}
https://www.2ememain.be/v/autos/saab/m2360635836-saab-9-3-automaat,2360635836,fr,Saab 9-3 automaat,1700,EUR,,,,Beste Hierbij verkoop ik Mijn Saab 9-3 van het jaar 2006 met 270.000km 1.9Diesel Euro4 De wagen start rijdt zeer goed Saab 9-3 Diesel 2006 270.000km Elektrische ramen 1.9Diesel Euro4 Remschijven achter dienen vervangen te worden Vraagprijs 1700 voor meer info pb,,,Saab,9-3 automaat,2006,270000,Diesel,Automatic,,,,,,,,,,,,20,0.006296,0,,{}
https://www.2ememain.be/v/autos/saab/m2360257923-saab-93-cabriolet-2006,2360257923,fr,Saab 93 Cabriolet 2006,,EUR,,,,Toit √©lectrique fonctionnel et √©tanche ! Vente aux ench√®res: - Date de fermeture: 4 f√©vr. 2026 - Type: en ligne - Site Web: https://vavato.com/l/2006-saab-93-cabrio-A3-40465-13405?utm_source=2dehands Num√©ro de r√©f√©rence: A3-40465-13405 Fuel types: Essence Toit √©lectrique fonctionnel et √©tanche ! Information sur la soci√©t√© VAVATO voert geen technische inspectie uit van de voertuigen. VAVATO n'effectue pas de contr√¥le technique des v√©hicules. VAVATO does not carry out a technical inspection of the vehicles. Dit voertuig wordt openbaar verkocht via veiling op www.vavato.com Ce v√©hicule est vendu aux ench√®res en ligne sur www.vavato.com This vehicle is openly sold by online auction www.vavato.com,2,https://images.2dehands.com/api/v1/listing-twh-p/images/a8/a8e1eb5c-6e03-42d9-8935-86166a8865d2?rule=ecg_mp_eps$_85|https://images.2dehands.com/api/v1/profile-twh-p/images/01/01d2795c-ef84-4ad5-813e-e4d66611570b?rule=ecg_mp_eps$_82,Saab,93 Cabriolet 2006,2006,,Essence,,,,,,,,,,,,,20,,0,,{}
https://www.2ememain.be/v/autos/saab/m2360235681-saab-9-3-cabrio-2-0i,2360235681,fr,Saab 9.3 Cabrio 2.0i,2450,EUR,,,,"Beste, Hierbij verkoop Saab 9.3 Cabrio 2.0i van 2000 met maar 140.000km .Deze wagen heeft ook veel opties,zoals als,elektrische spiegels en ruiten,cd-speler en veel meer... Kan gekeurd worden voor verkoop , met roze formulier en carpass!!! Overname van uw wagen mogelijk + Testrit mogelijk Met vriendelijke groeten GSM: 0494143311 Tim",12,https://images.2dehands.com/api/v1/listing-twh-p/images/44/445bfa8a-5a44-458d-834a-ee3e6da02522?rule=ecg_mp_eps$_85|https://images.2dehands.com/api/v1/profile-twh-p/images/23/2303a8f2-cc1c-4cf3-b2ad-f7c260933d78?rule=ecg_mp_eps$_82|https://images.2dehands.com/api/v1/listing-twh-p/images/e1/e1b8aa95-8e46-4f43-b011-34d08a50ace4?rule=ecg_mp_eps$_83|https://images.2dehands.com/api/v1/listing-twh-p/images/b8/b8da52c0-a429-4475-93eb-ce231248e20d?rule=ecg_mp_eps$_83|https://images.2dehands.com/api/v1/listing-twh-p/images/8c/8cc82954-ae5f-449d-a308-088dc549f1f0?rule=ecg_mp_eps$_83|https://images.2dehands.com/api/v1/listing-twh-p/images/71/714fbdee-4b5c-43dd-a030-3343904464b4?rule=ecg_mp_eps$_83|https://images.2dehands.com/api/v1/listing-twh-p/images/55/55543045-dc97-4eb9-bc23-65d68821ab0b?rule=ecg_mp_eps$_83|https://images.2dehands.com/api/v1/listing-twh-p/images/17/1782075e-3cee-4921-9a15-a92e94e88a03?rule=ecg_mp_eps$_83|https://images.2dehands.com/api/v1/listing-twh-p/images/dc/dc39deac-0014-4946-8f41-83faf08b0024?rule=ecg_mp_eps$_83|https://images.2dehands.com/api/v1/listing-twh-p/images/19/19794bbd-acff-4cd9-92e6-4b7825273b5e?rule=ecg_mp_eps$_83|https://images.2dehands.com/api/v1/listing-twh-p/images/3b/3bf89dd4-22f1-4ef7-bebe-089025875928?rule=ecg_mp_eps$_83|https://images.2dehands.com/api/v1/listing-twh-p/images/c9/c9e4a77a-d90e-4328-9c5e-0635e56ced0e?rule=ecg_mp_eps$_83,Saab,9.3 Cabrio 2.0i,2000,140000,,,,,,,,,,,,,,26,0.0175,0,,{}
https://www.2ememain.be/v/autos/saab/m2359053091-saab-93-2-0turbo-aero-210pk,2359053091,fr,Saab 93 2.0turbo Aero 210pk,3400,EUR,,,,"Saab 93 2.0turbo Aero 210pk 2003 , 6 vitesse,xenon, changeur cd,gps,toit ouvrant, cuir,alarm antivol,control de vitesse,climatisation marche tres bien froid y chaud.Frais effectu√© :grand entretien fait en septembre, plaquettes arri√®re, disc y plaquettes avant,ressort avant,termostat, liquide refroidissement, calculator motor, bougie, 2 bobine, joint cache culbuteurs, nettoyage clapete acceleration. M√©canique pas de probl√®me, ca marche fort, petit d√©faut esth√©tique sur le parachoc voir le photo. 0489 23 97 94",49,https://images.2dehands.com/api/v1/listing-twh-p/images/ff/fffa4ccb-51f8-4e0d-aa1b-aad444c1bfb1?rule=ecg_mp_eps$_85|https://images.2dehands.com/api/v1/listing-twh-p/images/67/67c2b7a2-544c-449c-838c-9703a6de0b23?rule=ecg_mp_eps$_83|https://images.2dehands.com/api/v1/listing-twh-p/images/c6/c6a515b5-7d45-464f-8114-cc1dbda6f5ca?rule=ecg_mp_eps$_83|https://images.2dehands.com/api/v1/listing-twh-p/images/14/14f8894c-c7d9-4f9e-b533-404e131e29e7?rule=ecg_mp_eps$_83|https://images.2dehands.com/api/v1/listing-twh-p/images/97/97d80984-1329-42e2-80c8-896b8cde2c6f?rule=ecg_mp_eps$_83|https://images.2dehands.com/api/v1/listing-twh-p/images/e1/e14a9401-f1e5-4e3a-a507-2a85708de422?rule=ecg_mp_eps$_83|https://images.2dehands.com/api/v1/listing-twh-p/images/38/389e9dbc-114c-4b21-a835-c3c39f95bbc4?rule=ecg_mp_eps$_83|https://images.2dehands.com/api/v1/listing-twh-p/images/77/7767066f-5717-45c4-a086-dff248f31e70?rule=ecg_mp_eps$_83|https://images.2dehands.com/api/v1/listing-twh-p/images/a6/a6690933-d933-4e25-84f3-86726ac0ef67?rule=ecg_mp_eps$_83|https://images.2dehands.com/api/v1/listing-twh-p/images/46/46485da3-483c-4998-9449-fbcaa35e6b1a?rule=ecg_mp_eps$_83|https://images.2dehands.com/api/v1/listing-twh-p/images/2b/2b408e9a-07f2-40bf-8d5e-fa9415ffe5f8?rule=ecg_mp_eps$_83|https://images.2dehands.com/api/v1/listing-twh-p/images/bd/bdb3eb78-d4d7-49ef-b195-0d2797692cec?rule=ecg_mp_eps$_83|https://images.2dehands.com/api/v1/listing-twh-p/images/0d/0dd31a13-49da-4c5c-ba4a-9d9fdf0b988b?rule=ecg_mp_eps$_83|https://images.2dehands.com/api/v1/listing-twh-p/images/dc/dc8332df-eed1-443d-92ed-67c7e5af6362?rule=ecg_mp_eps$_83|https://images.2dehands.com/api/v1/listing-twh-p/images/58/5803d282-2396-4dcc-a009-ee54f1bf105b?rule=ecg_mp_eps$_83|https://images.2dehands.com/api/v1/listing-twh-p/images/ef/ef611b4f-311d-4e64-ac46-8714522f37a8?rule=ecg_mp_eps$_83|https://images.2dehands.com/api/v1/listing-twh-p/images/85/85b7803a-9024-4147-85a4-a5fb32794002?rule=ecg_mp_eps$_83|https://images.2dehands.com/api/v1/listing-twh-p/images/e9/e96490f9-a3fc-4674-b635-d72b10fec13e?rule=ecg_mp_eps$_83|https://images.2dehands.com/api/v1/listing-twh-p/images/3d/3d3aec75-ebc9-4233-968a-a40403c7b9b5?rule=ecg_mp_eps$_83|https://images.2dehands.com/api/v1/listing-twh-p/images/a2/a28bfff0-ddd4-4c24-b247-9b6ae8d9635a?rule=ecg_mp_eps$_83|https://images.2dehands.com/api/v1/listing-twh-p/images/28/28ccf905-220f-4192-9894-3fa18defa57a?rule=ecg_mp_eps$_83|https://images.2dehands.com/api/v1/listing-twh-p/images/a4/a4199bd9-45d8-4054-b94b-425d67b7af95?rule=ecg_mp_eps$_83|https://images.2dehands.com/api/v1/listing-twh-p/images/3e/3e587d8b-aa64-4b8a-a174-3654a591d12e?rule=ecg_mp_eps$_83|https://images.2dehands.com/api/v1/listing-twh-p/images/ed/ed59b276-d8ec-47c8-98e0-9977509e3562?rule=ecg_mp_eps$_83|https://images.2dehands.com/api/v1/listing-twh-p/images/2a/2a3cd5b9-ff81-4afd-b263-49026786b5ef?rule=ecg_mp_eps$_83|https://images.2dehands.com/api/v1/listing-twh-p/images/b4/b4226f84-e0c9-4477-8b1b-982a92424021?rule=ecg_mp_eps$_83|https://images.2dehands.com/api/v1/listing-twh-p/images/a8/a8e1eb5c-6e03-42d9-8935-86166a8865d2?rule=ecg_mp_eps$_83|https://images.2dehands.com/api/v1/listing-twh-p/images/36/36524179-07c4-4512-bf01-7c01ebfe91ed?rule=ecg_mp_eps$_83|https://images.2dehands.com/api/v1/listing-twh-p/images/2f/2f0f5870-4728-49c6-85e0-f0647746d80b?rule=ecg_mp_eps$_83|https://images.2dehands.com/api/v1/listing-twh-p/images/8d/8d92c323-53ab-44fe-add8-dbe19bec8945?rule=ecg_mp_eps$_83|https://images.2dehands.com/api/v1/listing-twh-p/images/5f/5fc8c00b-b55f-4724-8ca4-fb9c60feb01a?rule=ecg_mp_eps$_83|https://images.2dehands.com/api/v1/listing-twh-p/images/91/915dd8f9-a1e1-4ecb-8b05-14f16fdf80b7?rule=ecg_mp_eps$_83|https://images.2dehands.com/api/v1/listing-twh-p/images/4f/4fe22393-4ecc-4525-86a1-c86d7def22bd?rule=ecg_mp_eps$_83|https://images.2dehands.com/api/v1/listing-twh-p/images/ca/cac1cf38-85f8-471d-82a8-6c24f365d568?rule=ecg_mp_eps$_83|https://images.2dehands.com/api/v1/listing-twh-p/images/7a/7aa28eee-9497-47dd-9da8-80d3b80caeee?rule=ecg_mp_eps$_83|https://images.2dehands.com/api/v1/listing-twh-p/images/1c/1c279e4f-21a5-441a-abbc-0942dacea930?rule=ecg_mp_eps$_83|https://images.2dehands.com/api/v1/listing-twh-p/images/2e/2e090bf1-7fc7-476b-8093-69eca67a40ce?rule=ecg_mp_eps$_83|https://images.2dehands.com/api/v1/listing-twh-p/images/ae/ae08aa6a-7e6c-4e35-8bb0-7055a29ab5d3?rule=ecg_mp_eps$_83|https://images.2dehands.com/api/v1/listing-twh-p/images/c0/c0fac92e-a2ac-4485-a4e5-fcab9f356a72?rule=ecg_mp_eps$_83|https://images.2dehands.com/api/v1/listing-twh-p/images/4d/4dddf6b1-8b1e-438d-9542-b376be888934?rule=ecg_mp_eps$_83|https://images.2dehands.com/api/v1/listing-twh-p/images/e8/e8beb0df-a5a3-4539-ad3d-d162be87028c?rule=ecg_mp_eps$_83|https://images.2dehands.com/api/v1/listing-twh-p/images/51/515e2f40-dd6d-4540-be79-e8d03bbd4ce1?rule=ecg_mp_eps$_83|https://images.2dehands.com/api/v1/listing-twh-p/images/7e/7e325b63-ebd5-40a2-b097-d856dd170bbe?rule=ecg_mp_eps$_83|https://images.2dehands.com/api/v1/listing-twh-p/images/e7/e7e9363e-c9ef-4d9c-8405-62a9bb0e8da3?rule=ecg_mp_eps$_83|https://images.2dehands.com/api/v1/listing-twh-p/images/2f/2f493de2-f9fe-4a0e-948a-2d0fdbab14a4?rule=ecg_mp_eps$_83|https://images.2dehands.com/api/v1/listing-twh-p/images/ee/ee6d9d0f-4c82-42de-a45f-f4e486b76bc6?rule=ecg_mp_eps$_83|https://images.2dehands.com/api/v1/listing-twh-p/images/49/497df7b0-5483-45ff-a729-74514ed12cf6?rule=ecg_mp_eps$_83|https://images.2dehands.com/api/v1/listing-twh-p/images/b9/b9077e8a-0921-42fb-a06b-7a621cdca6da?rule=ecg_mp_eps$_83|https://images.2dehands.com/api/v1/listing-twh-p/images/b8/b84aeb8d-37cb-428e-90f1-ff136cdf59f3?rule=ecg_mp_eps$_83,Saab,93 2.0turbo Aero,2003,,,,,,,,,,,,,,,23,,0,,{}
https://www.2ememain.be/v/autos/saab/m2360117152-saab-9-3-1-9-tid-tres-bon-etat,2360117152,fr,Saab 9-3/1.9 Tid/ tr√®s bon √©tat,3650,EUR,,,,"Saab 9-3 Cette voiture provient du 1er propri√©taire Voiture tr√®s bien divertissante avec carnet d'entretien complet Bj 2010 1,9 Tid Kw 88 Km 216200 Euro 4 Options Climatisation R√©gulateur de vitesse Radio/√©cran LCD LCD Gps Bluetooth Vitres √©lectriques Vitres √©lectriques R√©troviseurs √©lectriques Volant multifonctions Jantes en aluminium Verrouillage centralis√© T√©l√©commande Sellerie en cuir Etc... Essai routier possible sur rendez-vous Peut √™tre inspect√© avant la vente La reprise de votre voiture actuelle peut √©galement √™tre possible Nous sommes joignables 7j/7 sur rendez-vous Plus d'informations 0496808092",2,https://images.2dehands.com/api/v1/listing-twh-p/images/65/6512117c-1f90-4cee-a789-c7c9cbd71d63?rule=ecg_mp_eps$_85|https://images.2dehands.com/api/v1/profile-twh-p/images/5d/5d2147a4-82a2-4595-b0f8-1eae3a0bf6a7?rule=ecg_mp_eps$_82,Saab,9-3/1.9 Tid/ tr√®s,2010,,Electric,,,,,,,,,,,,,16,,0,,{}
https://www.2ememain.be/v/autos/saab/m2340400253-saab-9-3-cabriolet-2-0-benzine-2004,2340400253,fr,SAAB 9-3 Cabriolet 2.0 Benzine 2004,9700,EUR,,,,"SAAB 9-3 Cabriolet 2.0 Benzine 2004 06/2004 2.0 benzine 123.731 km 110 kw Euro 4 Opties: Cabriolet Parkeersensoren achteraan 5 versnellingen Zetelverwarming Elektrische ramen en buitenspiegels Multifunctionele stuur Radio, cd Airconditioning Automatische klimaatregeling Isofix ... Zeer mooie wagen in uitstekende staat. Altijd goed onderhouden geweest bij een erkende SAAB garage. Wagen bezit over een onderhoudsboekje en 2 sleutels. Wagen wordt verkocht met keuring / car-pass. Wagen heeft toegang tot iedere Vlaamse lage-emissiezone . Meer inlichtingen of voor bezichtiging bellen naar 0483 28 50 10. Bezoek zeker ons website https:www.autocenter-antwerpen.be/ voor onze volledige aanbod van wagens te bezichtigen. Gelieve fun aanbiedingen achterwegen te laten alstublieft. Prijs: ‚Ç¨ 9.700",2,https://images.2dehands.com/api/v1/listing-twh-p/images/a9/a91fb54e-92c2-49a6-bd08-99455f46a4b6?rule=ecg_mp_eps$_85|https://images.2dehands.com/api/v1/profile-twh-p/images/b0/b0e76f20-94ee-4213-aec2-f537070b9b8b?rule=ecg_mp_eps$_82,Saab,9-3 Cabriolet 2.0,2004,123731,Benzin,,,,,,,,,,,,,22,0.078396,0,,{}
https://www.2ememain.be/v/autos/saab/m2359488307-saab-9-3,2359488307,fr,SAAB 9-3,5500,EUR,,,,"Te koop: SAAB 9-3 benzine (1.8, 122 pk), bouwjaar 2005, slechts 68.000 km. Topconditie ‚Äì klaar voor gebruik! ‚úî Motor volledig gereviseerd ‚úî Nieuwe aandrijfriem en waterpomp ‚úî Gekeurd zonder opmerkingen ‚úî Eerste eigenaar ‚úî Onderhoud bij SAAB dealer Extra‚Äôs: airco, radio/CD, centrale vergrendeling, elektrische ramen. Carrosserie en interieur in zeer nette staat. Geen roest, geen schade. Prijs: ‚Ç¨5.500 Reden verkoop: wagen wordt niet meer gebruikt.",1,https://images.2dehands.com/api/v1/listing-twh-p/images/a4/a4d78175-dc35-4acd-a46d-176a29400f8b?rule=ecg_mp_eps$_85,Saab,9-3,2005,68000,Benzin,,,,,,,,,,,,,21,0.080882,0,,{}
https://www.2ememain.be/v/autos/saab/m2359403478-saab-9-3-gereserveerd,2359403478,fr,saab 9.3 GERESERVEERD,1300,EUR,,,,"We verkopen onze saab, ons trouwwerkpaard, ba 6 jaar bij ons in de familie omwille van aankoop van nieuwe wagen. Bouwjaar van de wagen is 2008 en er zit LPG in de wagen. De LPG installatie heeft in 2025 nog onderhoud gehad en de keuring van de tank is van 2021. De auto is nog gekeurd tot 31/10/2026 (zie foto's). Hij is nog ingeschreven en de kmstand loopt nog lichtjes op. We hebben de wagen zelf geImporteerd vanuit Nederland. Voor volgende keuring moeten de schokdempers vervangen worden. Voor verdere vragen of een testrit kan je me steeds contacteren. De wagen heeft carroserieschade door een accident van 5 jaar geleden. Dit is nooit een probleem geweest voor keuring.",1,https://images.2dehands.com/api/v1/listing-twh-p/images/2c/2c84cebd-d1e3-421d-9b52-5647ab13fe5a?rule=ecg_mp_eps$_85,Saab,9.3 GERESERVEERD,2008,,LPG,,,,,,,,,,,,,18,,0,,{}
https://www.2ememain.be/v/autos/saab/m2359392391-saab-9-3-2-0i-2000-171-000km-110kw150cv-feuille-rose,2359392391,fr,Saab 9.3*2.0i * 2000*171.000km* 110kw150CV*feuille Rose,1950,EUR,,,,UNE SUPERBE COUP√âE SU√âDOISE: Inspect√© et approuv√© pour la vente ‚úÖ Gekeurd voor verkoop‚úÖ Saab 9.3 2.0 essence 110kw 150 CV 2000 171.000 km 1er Main Int√©rieur en Cuir Clim digitale 2 cl√© t√©l√©commande Verrouillage centralis√©e R√©gulateur de vitesse Porte-bagages Roule parfaitement aucun probl√®me Sera Vendu avec : Nouveau CT technique ‚úÖ Demande d‚Äôimmatriculation ‚úÖ CarPass ‚úÖ Certificat de conformit√©‚úÖ Pour plus d‚Äôinfos contactez le : 0032.486.60.65.61 ‚òéÔ∏èüìû‚òéÔ∏è Tel /whatssap ‚òéÔ∏èüìû‚òéÔ∏è,12,https://images.2dehands.com/api/v1/listing-twh-p/images/2e/2ea89a10-1ae4-4810-ba36-2b120bf3a1a5?rule=ecg_mp_eps$_85|https://images.2dehands.com/api/v1/profile-twh-p/images/9e/9e864052-0442-44a2-96ec-16a6aaec3b42?rule=ecg_mp_eps$_82|https://images.2dehands.com/api/v1/listing-twh-p/images/5d/5d57e8e2-55d7-4f5e-9c19-a53f94f075e1?rule=ecg_mp_eps$_83|https://images.2dehands.com/api/v1/listing-twh-p/images/23/236b6d2b-0be9-4561-b4b0-afb8cf31405d?rule=ecg_mp_eps$_83|https://images.2dehands.com/api/v1/listing-twh-p/images/d3/d32edaef-34d3-48ba-bf9e-6b129abfe61a?rule=ecg_mp_eps$_83|https://images.2dehands.com/api/v1/listing-twh-p/images/93/93f45b13-bde6-457b-b901-37431670afc8?rule=ecg_mp_eps$_83|https://images.2dehands.com/api/v1/listing-twh-p/images/a9/a9e84ff3-5155-4b32-ad4c-4da9eddbe8d1?rule=ecg_mp_eps$_83|https://images.2dehands.com/api/v1/listing-twh-p/images/c3/c3c23347-b8c0-4a3f-a803-a4666ff98111?rule=ecg_mp_eps$_83|https://images.2dehands.com/api/v1/listing-twh-p/images/b8/b871f13f-7bb9-4aa9-b69f-82ba7de1831b?rule=ecg_mp_eps$_83|https://images.2dehands.com/api/v1/listing-twh-p/images/4b/4bf1365a-9682-4c19-9e14-33312614780b?rule=ecg_mp_eps$_83|https://images.2dehands.com/api/v1/listing-twh-p/images/c8/c89b367e-250e-4bbe-8810-c77d14064c43?rule=ecg_mp_eps$_83|https://images.2dehands.com/api/v1/listing-twh-p/images/f2/f2de1a8e-c54a-4b97-8ed6-b5ae481c3fe6?rule=ecg_mp_eps$_83,Saab,9.3*2.0i * 2000*171.000km*,2000,171000,Essence,,,,,,,,,,,,,26,0.011404,0,,{}
https://www.2ememain.be/v/autos/saab/m2359314034-saab-9-3-vector-1-9-tid-avec-approbation-de-pre-vente,2359314034,fr,Saab 9-3 Vector 1.9 TiD avec approbation de pr√©-vente,2850,EUR,,,,"Pr√™ts pour une nouvelle aventure ? Ce fantastique Saab 9-3 Vector est coch√© en blanc et pr√™t √† √™tre enregistr√© avec un carnet d'inspection pour la vente et d'entretien. Montez √† bord et profitez-en Informations g√©n√©rales Nombre de portes : 5 Couleur : gris Informations techniques Puissance : 88 kW (120 CV) Bo√Æte de vitesses : 6 vitesses, manuelle Acc√©l√©ration (0-100) : 11,5 s Vitesse maximale : 200 km/h Poids et mesures Capacit√© de charge : 595 kg Poids en charge : 2 090 kg Empattement : 268 cm Int√©rieur Couleur int√©rieure : noir Nombre de si√®ges : 5 Environnement et consommation Consommation de carburant en ville : 7,3 l/100 km (1 sur 13,7) Consommation de carburant sur autoroute : 4,5 l/100 km (1 sur 22,2) √âmissions de CO‚ÇÇ : 149 g/km Label √©nerg√©tique : C Entretien, historique et √©tat Livrets d'entretien : Pr√©sents (g√©r√©s par le concessionnaire) Nombre de cl√©s : 2 Forfaits d'options ‚Ä¢ Pack multim√©dia (syst√®me d'alarme, t√©l√©phone de voiture, changeur de CD, carte compl√®te du syst√®me de navigation, carte compl√®te de navigation/fonctionne avec un CD de navigation - je n'en ai pas) Confort et int√©rieur ‚Ä¢ Les si√®ges arri√®re peuvent √™tre rabattus en plusieurs parties ‚Ä¢ Accoudoir arri√®re ‚Ä¢ Syst√®me audio avec lecteur CD ‚Ä¢ T√©l√©phone de voiture ‚Ä¢ Pr√©paration du t√©l√©phone de voiture ‚Ä¢ Ordinateur de bord ‚Ä¢ Changeur de CD ‚Ä¢ R√©gulation √©lectronique de la temp√©rature ‚Ä¢ Vitres avant √©lectriques ‚Ä¢ Appuie-t√™tes avant ‚Ä¢ Finition int√©rieure en bois ‚Ä¢ Rev√™tement en cuir/tissu ‚Ä¢ Volant en cuir ‚Ä¢ Levier de vitesses en cuir ‚Ä¢ Supports lombaires (r√©glables) ‚Ä¢ Accoudoir central avant ‚Ä¢ Syst√®me de navigation cartographique complet ‚Ä¢ Navigation cartographique compl√®te ‚Ä¢ Si√®ges sport ‚Ä¢ Volant multifonctions ‚Ä¢ Si√®ges avant chauffants ‚Ä¢ Si√®ges avant r√©glables en hauteur Ext√©rieur ‚Ä¢ Jantes en alliage ¬´ 17 ¬ª ‚Ä¢ R√©troviseurs ext√©rieurs r√©glables √©lectriquement ‚Ä¢ R√©troviseurs ext√©rieurs de la couleur de la carrosserie ‚Ä¢ R√©troviseurs ext√©rieurs chauffants ‚Ä¢ Pare-chocs de la m√™me couleur que la carrosserie ‚Ä¢ Verrouillage centralis√© avec t√©l√©commande ‚Ä¢ Rails de toit ‚Ä¢ Peinture m√©tallis√©e ‚Ä¢ Phares antibrouillard avant ‚Ä¢ Trappe √† skis ‚Ä¢ Suspension sportive S√ªret√© ‚Ä¢ T√™te d'airbag (s) arri√®re ‚Ä¢ T√™te d'airbag (s) frontal (s) ‚Ä¢ Airbag (s) frontal (s) lat√©ral (s) ‚Ä¢ Airbag conducteur ‚Ä¢ Airbag passager ‚Ä¢ Syst√®me d'alarme ‚Ä¢ Syst√®me antiblocage (ABS) ‚Ä¢ R√©gulateur de vitesse ‚Ä¢ R√©partiteur √©lectronique des freins (EBD) ‚Ä¢ Programme √©lectronique de stabilit√© (ESP) ‚Ä¢ Capteur de stationnement arri√®re ‚Ä¢ D√©tecteur de pluie ‚Ä¢ Syst√®me d'immobilisation ‚Ä¢ Syst√®me de contr√¥le de traction (TCS) Vecteur Saab 9-3 Sport Estate 1.9 TID/Belle voiture* Tu veux cette Saab, pourquoi ? Tr√®s bien entretenu, dossier complet avec factures de maintenance. 4 pneus neufs r√©cents Int√©rieur et ext√©rieur en tr√®s bon √©tat de fra√Æcheur. Cette Saab 9-3 roule et passe parfaitement les vitesses, la voiture vous sourit. (vraiment quelque chose de sp√©cial) Domaine Saab d√©cent pour de nombreux kilom√®tres suppl√©mentaires. Cette Saab 9-3 Sport Estate date de 2006, a √©t√© livr√©e du 01-04-2005 au 30-09-2007 et a ensuite co√ªt√© 41 627‚Ç¨. Cette voiture particuli√®re belge d'origine est immatricul√©e depuis 2006, est √©quip√©e d'un moteur diesel, a une puissance maximale de 88 kW (120 ch) et une cylindr√©e de 1910 cc. La voiture particuli√®re a une vitesse maximale de 200 km/h et atteint 100 km/h √† l'arr√™t en 11,5 secondes. La consommation moyenne de cette voiture de tourisme est de 5,4 litres aux 100 km et p√®se 1495 kg.",1,https://images.2dehands.com/api/v1/listing-twh-p/images/e0/e08328c4-b3d0-4578-b7ac-3af0c71179b3?rule=ecg_mp_eps$_85,Saab,9-3 Vector 1.9,2006,,Diesel,Manual,,,,,,,,,,,,20,,0,,{}
https://www.2ememain.be/v/autos/saab/m2357729092-te-koop-saab-9-3,2357729092,fr,Te koop Saab 9.3,2750,EUR,,,,"Wegens overlijden te koop. Deze Saab 9.3 is van het bouwjaar 2004. Heeft weinig km ( 71000 km) en is altijd onderhouden door merkverdeler. Start, schakelt, remt perfect. Voor meer informatie stuur maar een berichtje.",1,https://images.2dehands.com/api/v1/listing-twh-p/images/c2/c20eca00-b974-455f-ad0c-2ce322ccaaea?rule=ecg_mp_eps$_85,Te,koop Saab 9.3,2004,71000,,,,,,,,,,,,,,22,0.038732,0,,{}
https://www.2ememain.be/v/autos/saab/m2358688335-saab-9-3-1-9-tid-break-vector-automaat,2358688335,fr,SAAB 9-3 1.9 TiD BREAK VECTOR AUTOMAAT,1750,EUR,,,,"SAAB 9-3 1.9 TiD BREAK VECTOR AUTOMAAT Bouwjaar : 9e 2007 Km's : 265.691 110kw/150pk euro4 Uitvoering : Zilver metaalkleur Zwart lederen interieur Automaat Navigatie Automatische airco Zetelverwarming Cruise control 17"" alu velgen Parkeersensoren Lederen sportstuur Koplampsproeiers Geleverd met 2 sleutels Met volledige onderhoudsboek t.e.m. 260.190 km's Lichte hagelschade op dak & motorkap Exportprijs - ZONDER KEURING Prix export - SANS CONTROLLE TECHNIQUE Exportprice - WITHOUT TECHNICAL CONTROL",1,https://images.2dehands.com/api/v1/listing-twh-p/images/35/354ee746-4ff2-476a-ac3e-0a4b8cfa6ff7?rule=ecg_mp_eps$_85,Saab,9-3 1.9 TiD,2007,260190,,Automatic,,,,,,,,,,,,19,0.006726,0,,{}
https://www.2ememain.be/v/autos/saab/m2358480289-saab-9-3-1-9-tid-110-kw-150ch-169-850km-dans-l-etat-1200euro,2358480289,fr,Saab 9-3 1.9 TID 110 kw/150ch 169.850km dans l'√©tat 1200euro,1200,EUR,,,,"BIEN LIRE SVP! Saab 9-3 berline 1910cc turbodiesel 110kw/150ch EURO4 Annee 05/2007 - 169.850km Manuel 6-vitesses Carnet d'entretien enti√®rement sign√© + factures (voir photos) Technique et m√©canique en tr√®s bon √©tat La voiture roule et change de vitesse bien VOLANT MOTEUR FAIT DU BRUIT + la voiture ralentit quand le moteur est froid et le moteur ne tourne pas stationair La carrosserie pr√©sente des signes d'usure et de rayures ici et l√† (voir photos), normal pour l'√¢ge/les kilom√®tres Le v√©hicule est vendu pour remise en √©tat, exportation ou commerce, dans l‚Äô√©tat o√π il se trouve, √† emporter tel quel BONPRIX 1200euro DANS L'ETAT INFO 0488/250.563 PAS DE SMS/CHAT/EMAIL, IL SUFFIT D'APPELER TANT QUE LA VOITURE EST EN LIGNE, ELLE EST EN VENTE!",,,Saab,9-3 1.9 TID,2007,169850,,Manual,,,,,,,,,,,,19,0.007065,0,,{}
https://www.2ememain.be/v/autos/saab/m2357424176-saab-9-3-1-8t-zwart,2357424176,fr,Saab 9-3 1.8t zwart,12000,EUR,,,,Verkoop wegens overlijden. Amper/ nooit in gereden mooi behandeld geweest. Er zijn meerdere opties maar weet niet precies wat er van opties op is omdat het mijn auto namelijk niet is.. Doe gerust een bod,1,https://images.2dehands.com/api/v1/listing-twh-p/images/6f/6f2ced28-307d-413a-b7c6-bb35658eb767?rule=ecg_mp_eps$_85,Saab,9-3 1.8t zwart,,,,,,,,,,,,,,,,,,0,,{}
https://www.2ememain.be/v/autos/saab/m2358178647-saab-9-3-cabriolet-2-0turbo-110kw-wagen-zie-foto-s,2358178647,fr,Saab 9-3 Cabriolet 2.0Turbo 110kw wagen zie foto's,4750,EUR,,,,"Consommation moyenne de carburant: 8,6 l/100km Dommages: aucun Welkom bij autoweld, waar service en klantvriendelijkheid nog steeds belangrijk zijn! De wagen is ongevalvrij,zonder enige opmerking.... Saab 9-3 Cabriolet 2.0Turbo 110kw wagen zie foto's Transmission: 5 vitesses, Commande manuelle Couleur: Gris Couleur int√©rieure: noir Nombre de places assises: 4 Nombre de propri√©taires: 2 Garantie: 3 mois TVA/marge: TVA non d√©ductible (r√©gime de la marge b√©n√©ficiaire) Options et accessoires Aide √† la conduite ABS Direction assist√©e Ordinateur de bord Confort Accoudoir Climatisation automatique Extra R√©troviseurs lat√©raux √©lectriques Verrouillage centralis√© Verrouillage centralis√© avec t√©l√©commande Ext√©rieur Toit ouvrant Vitres √©lectriques Multim√©dia CD Radio Soundsystem S√©curit√© Airbag conducteur Remarques Consommation moyenne de carburant: 8,6 l/100km Dommages: aucun Welkom bij autoweld, waar service en klantvriendelijkheid nog steeds belangrijk zijn! De wagen is ongevalvrij,zonder enige opmerking. steeds onderhouden geweest volgens de noden van de dealer. in de prijs is inbegrepen onderhoud en volledig nazicht , technische controle,kwaliteitsdiagnose, car-pass en verslag van de staat van het voertuig. verder bieden wij : hoge kwaliteit tegen concurerende prijzen. ook kunnen wij u nieuwe wagen aanleveren aan zeer scherpe voorwaarden. snel wisselende voorraad. Verder helpen wij u graag verder. Openingsuren : ma-vrij 8.30-18.30 za op afspraak adres kanaaldijk 8 2380 ravels *tel: 014.75.46.54 *gsm: 0495.844.246 Autoweld BV Kanaaldijk 8 2380 Ravels Num√©ro de t√©l√©phone: +3214754654 Adresse e-mail: info@autoweld.be",1,https://images.2dehands.com/api/v1/listing-twh-p/images/c3/c3b2fa7e-e83f-4c7c-b9b1-5902e36696e8?rule=ecg_mp_eps$_85,Saab,9-3 Cabriolet 2.0Turbo,,,Electric,Automatic,,,,,,,,,,,,,,0,,{}
https://www.2ememain.be/v/autos/saab/m2347188005-saab-9-3-cabrio-1-9tid-080-000km-automaat-bwj-2010-keuring,2347188005,fr,Saab 9-3 Cabrio 1.9tid 080.000km Automaat bwj 2010 keuring,7950,EUR,,,,Uniek saab 9-3 Cabrio bwj 2010 van 1eigenaar wagen met maar 080.000km compleet boekje en volledig carpass Automaat navi leder verwarmde zetels cruiscontrol parkeersensoors Zeer mooie wagen overname steeds moelijk ook opleg mijn kant Auto word gekeurd voor verkoop Met 12 maande garantie Test rit mogelijk 0487709599,2,https://images.2dehands.com/api/v1/listing-twh-p/images/e6/e690a519-a109-49f9-9536-565c88f350d4?rule=ecg_mp_eps$_85|https://images.2dehands.com/api/v1/dm-profile-twh-p/images/12/1275ec36-c9c0-4eb4-972b-ac3e21a64bf6?rule=ecg_mp_eps$_82,Saab,9-3 Cabrio 1.9tid,2010,80000,,Automatic,,,,,,,,,,,,16,0.099375,0,,{}
https://www.2ememain.be/v/autos/saab/m2355083773-saab9-3-de-2007-z19dth-16v-pour-pieces,2355083773,fr,Saab9-3 de 2007 z19dth 16v pour pi√®ces,1500,EUR,,,,Saab9-3 1.9 TID z19dth vector sport 16v de 2007 Je vends pour pi√®ces Turbo HS volets de turbulence HS CIM HS mais court circuit√© La voiture d√©marre au quart de tour. 309000 km Injecteurs nouveaux 600 eur Distribution nouvelle avec pompe a eau . Feux x√©non.,1,https://images.2dehands.com/api/v1/listing-twh-p/images/7e/7e325b63-ebd5-40a2-b097-d856dd170bbe?rule=ecg_mp_eps$_85,Saab9-3,de 2007 z19dth,2007,309000,,,,,,,,,,,,,,19,0.004854,0,,{}
https://www.2ememain.be/v/autos/saab/m2336616037-saab-9-3-1-9tid-2008-vector-sedan,2336616037,fr,"Saab 9-3, 1.9Tid, 2008, Vector, Sedan ...",,EUR,,,,"Beste In samenwerking met Raccoon Motors (Saab Specialist) verkopen wij een Saab 9-3, Sedan uit 2008. Het gaat om een 1.9 Diesel met 150pk. De wagen is sinds 2009 in bezit van dezelfde eigenaar. De wagen is in goede staat en netjes zowel binnen als buiten. Wegens de leeftijd zijn er vooral aan de buitenkant hier en daar wat schoonheidsfoutjes, maar niets onoverzichtelijk. De wagen heeft de volgende eigenschappen: - 212700km - 07/2008 Opties: - Multifunctioneel Stuur, - Elektrische Ruiten, - Centrale Vergrendeling Met Afstandbediening, - Airco, - Half Lederen Interieur, - Lichtmetalen Velgen, - Xenon Koplampen, - Trekhaak, - .... Verder komt de wagen met de volgende extra's: - Keuring Voor Verkoop, - Onderhoud, - Professionele reiniging. Handelaars ook welkom. Wagen wordt verkocht in opdracht van klant Voor meer informatie of een bezichtiging kan je me steeds bereiken via mail, telefoonnummer of via de chat. Seppe Faes 0474/716731 faesautomotive@gmail.com",2,https://images.2dehands.com/api/v1/listing-twh-p/images/47/47e437f7-773a-490f-8c70-6f765491d42f?rule=ecg_mp_eps$_85|https://images.2dehands.com/api/v1/profile-twh-p/images/0b/0b0ca74a-54ba-49ae-83f2-3a42cc79f096?rule=ecg_mp_eps$_82,Saab,"9-3, 1.9Tid, 2008,",2008,212700,Diesel,,,,,,,,,,,,,18,,0,,{}
https://www.2ememain.be/v/autos/saab/m2336609975-saab-9-3-1-9tid-2008-cabrio,2336609975,fr,"Saab 9-3, 1.9Tid, 2008, Cabrio, ...",,EUR,,,,"Beste In samenwerking met Raccoon Motors (Saab Specialist) verkopen wij een Saab 9-3, Cabrio uit 2008. Het gaat om een 1.9 Diesel met 150pk. Een super goed rijdende Saab 9-3 Cabrio. De wagen is in goede staat zowel binnen als buiten. De Saab is steeds bij Raccoon Motors (saab specialist) in onderhoud geweest. De wagen is alreeds gekeurd voor verkoop (blanco) en is klaar om in te schrijven. De wagen heeft de volgende eigenschappen: - 197500km - 06/2008 Opties: - Multifunctioneel Stuur, - Elektrische Ruiten, - Centrale Vergrendeling Met Afstandbediening, - Airco, - Lederen Interieur, - Automatisch Dak, - Lichtmetalen Velgen, - Zetelverwarming, - Parkeersensoren Achter, - .... Verder komt de wagen met de volgende extra's: - Keuring Voor Verkoop Alreeds Gebeurd, - Onderhoud, - Professionele reiniging. Handelaars ook welkom. Wagen wordt verkocht in opdracht van klant Voor meer informatie of een bezichtiging kan je me steeds bereiken via mail, telefoonnummer of via de chat. Seppe Faes 0474/716731 faesautomotive@gmail.com",2,https://images.2dehands.com/api/v1/listing-twh-p/images/62/6204ff78-6b88-4a80-ae69-e7c0c3ec46e0?rule=ecg_mp_eps$_85|https://images.2dehands.com/api/v1/profile-twh-p/images/0b/0b0ca74a-54ba-49ae-83f2-3a42cc79f096?rule=ecg_mp_eps$_82,Saab,"9-3, 1.9Tid, 2008,",2008,197500,Diesel,,,,,,,,,,,,,18,,0,,{}
https://www.2ememain.be/v/autos/saab/m2346555202-saab-9-3-2-3-cabriolet-a-essence-automatique-1500,2346555202,fr,Saab 9.3 2.3 Cabriolet √† essence automatique 1500‚Ç¨,1500,EUR,,,,Saab 9.3 2.3 Cabriolet √† essence automatique 1500‚Ç¨ Conduisez et changez selon les besoins Le corps est √©galement en bon √©tat Doit √™tre nettoy√© correctement ‚úÖ Autoris√© dans toutes les zones √† faibles √©missions üìÑ Le certificat d'enregistrement n√©erlandais est saisi par nos soins üßæ Formulaire de douane E705 inclus et correctement format√© üìÖ Disponible tous les jours sur rendez-vous üåô √âgalement possible le soir et le week-end üìû Appelez ou WhatsApp : 0488 00 45 23,2,https://images.2dehands.com/api/v1/listing-twh-p/images/91/91fbd431-1f97-4ba9-ae2c-d0b71dad8576?rule=ecg_mp_eps$_85|https://images.2dehands.com/api/v1/dm-profile-twh-p/images/1e/1e8346b6-affc-4b45-ad8c-f40664a08b50?rule=ecg_mp_eps$_82,Saab,9.3 2.3 Cabriolet,,,Essence,Automatic,,,,,,,,,,,,,,0,,{}
https://www.2ememain.be/v/autos/saab/m2355845587-saab-9-3-2-0t,2355845587,fr,Saab 9-3 2.0T,3500,EUR,,,,"Magnifique cabriolet, bleu nocturne, en bon √©tat. Le toit fonctionne √©galement parfaitement. Profitez de la conduite ouverte lors des belles journ√©es d'√©t√© ; lorsque vous conduisez avec le toit ferm√©, vous ne remarquerez pas beaucoup de diff√©rence : l'int√©rieur est silencieux et bien isol√©.",1,https://images.2dehands.com/api/v1/listing-twh-p/images/ee/ee6d9d0f-4c82-42de-a45f-f4e486b76bc6?rule=ecg_mp_eps$_85,Saab,9-3 2.0T,,,,,,,,,,,,,,,,,,0,,{}
https://www.2ememain.be/v/autos/saab/m2355652252-xenon-saab-9-3-uit-2007-automaat-165-000km-full-options,2355652252,fr,Xenon Saab 9.3 uit 2007 Automaat 165.000km Full options,,EUR,,,,"Eerste eigenaar Saab 9.3 Sedan 1.9 TID uit 2007 van de 2-De Generatie in Jet Black met Automatische versnellingsbak (Sentronic) Full Option met o.a het zeldzame schuifdak. Zeer sportieve Vector Sport uitvoering met houtaccenten. *Velgen Alu 50 > Aero velg voor dit model* Full Options. Zeer voordelig qua taks. Wagen staat in geweldige algemene staat met maar 165.000 km. Aero vibes, alle opties wat dit model kan bieden. SPECIALE UITVOERING (met o.a bodykit) voor 60 jaar Saab Edition en automaat met relatief weinig kilometers. Telefoon 0485/03.42.76",1,https://images.2dehands.com/api/v1/listing-twh-p/images/55/556955f5-dc41-46d5-873c-801815991723?rule=ecg_mp_eps$_85,Xenon,Saab 9.3 uit,2007,165000,,Automatic,,,,,,,,,,,,19,,0,,{}
https://www.2ememain.be/v/autos/saab/m2355650874-prachtige-saab-9-3-cabrio-eerste-generatie-in-imola-red,2355650874,fr,Prachtige Saab 9.3 Cabrio eerste generatie in Imola Red,6500,EUR,,,,"Saab 9.3 Cabrio eerste generatie (1998) in de Exclusieve kleur *Imola Red* met AERO zetels en achterbank. Tevens staat deze op KONI veren, wat het net iets zaliger maakt. Exclusieve verschijning mede door de algemene staat en kleur. Distributieketting bij deze 2.0 Liter Benzine motor. 0485/03.42.76",1,https://images.2dehands.com/api/v1/listing-twh-p/images/58/58886fd5-69a4-459a-8d02-9ffc6cc042e6?rule=ecg_mp_eps$_85,Prachtige,Saab 9.3 Cabrio,1998,,Benzin,,,,,,,,,,,,,28,,0,,{}
https://www.2ememain.be/v/autos/saab/m2346094926-export-saab-9-3-1-9-tid,2346094926,fr,EXPORT Saab 9-3 1.9 TiD,1250,EUR,,,,"EXPORT Saab 9-3 1.9 TiD This is a private car that is being sold ""as is"" without technical inspection and/or warranty. First registration 06/2008 202000 km 2 owners (1 year corporate leasing and 16 years the current owner) Technical condition: Valid technical inspection until 06/2026 The car runs and shifts normal When it is cold it has difficulties starting and with the central locking system During the last inspection (06/2025) the car got a remark about the engine light being on due to the compression ignition Please contact us through whatsapp for a video of the running engine (+32456228991).",2,https://images.2dehands.com/api/v1/listing-twh-p/images/cd/cd11b601-56f7-43d5-93aa-946ac28da333?rule=ecg_mp_eps$_85|https://images.2dehands.com/api/v1/profile-twh-p/images/44/4425e524-fc57-4fff-b028-a66db4fee5f7?rule=ecg_mp_eps$_82,Export,Saab 9-3 1.9,2008,202000,,,,,,,,,,,,,,18,0.006188,0,,{}
https://www.2ememain.be/v/autos/saab/m2355090036-saab-9-3-1-8t-2006-cabrio-garantie,2355090036,fr,"Saab 9-3, 1.8T, 2006, Cabrio, Garantie...",8495,EUR,,,,"Beste In samenwerking met Raccoon Motors (Saab Specialist) verkopen wij een Saab 9-3, Cabrio uit 2006. Het gaat om een 1.8t benzine met 150pk. Een super goed rijdende Saab 9-3 Cabrio. De wagen is in uitstekende staat zowel binnen als buiten. De Saab is steeds netjes onderhouden en heeft een volledig ingevuld onderhoudsboekje. De wagen heeft de volgende eigenschappen: - 211050km - 03/2006 Opties: - Multifunctioneel Stuur, - Elektrische Ruiten, - Centrale Vergrendeling Met Afstandbediening, - Airco, - Lederen Interieur, - Automatisch Dak, - Lichtmetalen Velgen, - Zetelverwarming, - Parkeersensoren Achter, - .... Verder komt de wagen met de volgende extra's: - 12 Maanden Wettelijke Garantie - Keuring Voor Verkoop, - Onderhoud, - Professionele reiniging. Handelaars ook welkom. Voor meer informatie of een bezichtiging kan je me steeds bereiken via mail, telefoonnummer of via de chat. Seppe Faes 0474/716731 faesautomotive@gmail.com",2,https://images.2dehands.com/api/v1/listing-twh-p/images/d3/d3d32b8c-a306-4d1e-821d-c815ef8f741f?rule=ecg_mp_eps$_85|https://images.2dehands.com/api/v1/profile-twh-p/images/0b/0b0ca74a-54ba-49ae-83f2-3a42cc79f096?rule=ecg_mp_eps$_82,Saab,"9-3, 1.8T, 2006,",2006,211050,Benzin,,,,,,,,,,,,,20,0.040251,0,,{}
https://www.2ememain.be/v/autos/saab/m2355075218-saab-9-3-1-9-tid-2007-station-140000km-garantie,2355075218,fr,"Saab 9-3, 1.9 TiD, 2007, Station, 140000km, Garantie ...",6495,EUR,,,,"Beste In samenwerking met Raccoon Motors (Saab Specialist) verkopen wij een Saab 9-3, Station uit 2007. Het gaat om een 1.9TiD met 120pk. De wagen is in zeer goede staat en netjes zowel binnen als buiten. Ondanks de leeftijd heeft hij nog geen 140000km gelopen. De wagen heeft een volledig ingevuld onderhoudsboekje. Bijkomend is 20000km geleden de distributieriem, waterpomp en multiriem vervangen. De wagen heeft de volgende eigenschappen: - 139850km - 12/2007 Opties: - Multifunctioneel Stuur, - Elektrische Ruiten, - Centrale Vergrendeling Met Afstandbediening, - Airco, - Lederen Interieur, - Lichtmetalen Velgen, - Xenon Koplampen, - Trekhaak, - .... Verder komt de wagen met de volgende extra's: - 12 maanden wettelijke garantie, - Keuring Voor Verkoop, - Onderhoud, - Professionele reiniging. Handelaars ook welkom. Voor meer informatie of een bezichtiging kan je me steeds bereiken via mail, telefoonnummer of via de chat. Seppe Faes 0474/716731 faesautomotive@gmail.com",2,https://images.2dehands.com/api/v1/listing-twh-p/images/f5/f55752d2-9d29-4e30-a3c6-89c1804103a1?rule=ecg_mp_eps$_85|https://images.2dehands.com/api/v1/profile-twh-p/images/0b/0b0ca74a-54ba-49ae-83f2-3a42cc79f096?rule=ecg_mp_eps$_82,Saab,"9-3, 1.9 TiD,",2007,140000,,,,,,,,,,,,,,19,0.046393,0,,{}
https://www.2ememain.be/v/autos/saab/m2354882653-saab-9-3-cabriolet-vector-1-9-tid-150ch-bva-cuir-gps-gar-2m,2354882653,fr,Saab 9-3 CABRIOLET VECTOR 1.9 TID 150CH BVA CUIR GPS GAR 2M,11990,EUR,,,,üöô ‚Ä¢‚Ä¢‚Ä¢ Rachat et Reprise possible de votre v√©hicule. ‚Ä¢‚Ä¢‚Ä¢ üöô üì´ADRESSEüì´: Europe Cars Trading RISQUONS-TOUTSTRAAT 8A 8511 AALBEKE * PRESTATION: DISTRIBUTION ‚úÖUNE NOUVELLE DISTRIBUTION SERA... Saab 9-3 CABRIOLET VECTOR 1.9 TID 150CH BVA CUIR GPS GAR 2M Transmission: Automatique Date de construction: 2010-01-01 Couleur: Noir (noir m√©tallis√©) Couleur int√©rieure: beige Nombre de places assises: 4 Dommages: aucun Garantie: 12 mois TVA/marge: TVA non d√©ductible (r√©gime de la marge b√©n√©ficiaire) Num√©ro de r√©f√©rence: SAA_93_225_B Options et accessoires Autres Jantes alliage Confort D√©tecteur de pluie R√©gulateur de vitesse Sellerie cuir Si√®ges chauffants Vitres √©lectriques Volant multifonctions Divertissement / M√©dias CD Ordinateur de bord USB √âcran multifonction enti√®rement num√©rique S√©curit√© ABS Airbag avant Airbag conducteur Airbag passager Direction assist√©e ESP Feux anti-brouillard Isofix Verrouillage centralis√© Verrouillage centralis√© avec t√©l√©commande Remarques üöô ‚Ä¢‚Ä¢‚Ä¢ Rachat et Reprise possible de votre v√©hicule. ‚Ä¢‚Ä¢‚Ä¢ üöô üì´ADRESSEüì´: Europe Cars Trading RISQUONS-TOUTSTRAAT 8A 8511 AALBEKE *********************************************************************** PRESTATION: DISTRIBUTION ‚úÖUNE NOUVELLE DISTRIBUTION SERA EFFECTU√â POUR LA VENTE‚ÄºÔ∏è Pr√©sence d'un carnet d'entretien ou de facture :‚úÖCARNET D'ENTRETIEN COMPLET‚ÄºÔ∏è ENTRETIEN :‚úÖUN NOUVEL ENTRETIEN SERA EFFECTU√â POUR LA VENTE ‚ÄºÔ∏è CONTROLE TECHNIQUE OK ( Pour les v√©hicules de plus de 4 ANS )‚úîÔ∏è KILOMETRAGE GARANTIE CERTIFI√â ( CARPASS ou HISTOVEC )‚ÄºÔ∏è VEHICULE NETTOY√â‚úîÔ∏è UNE EVENTUELLE REPRISE DE VOTRE ANCIENNE VOITURE AU MEILLEUR PRIX ‚ÄºÔ∏è ********************************************************************** ‚úâÔ∏è‚Ä¢‚Ä¢‚Ä¢ SERVICE CARTE GRISE ‚Ä¢‚Ä¢‚Ä¢‚úâÔ∏è IMMATRICULATION A VOIR SUR PLACE AVEC LE SERVICE COMMERCIAL.‚ÄºÔ∏è Pr√©voir : - Permis de conduireü™™ - Pi√®ce d'identit√©ü™™ - Justificatif de domicileüìÑ TOUTES CES PRESTATIONS VOUS PERMETTENT D'EFFECTUER UN ACHAT EN TOUTE S√âCURIT√â ‚ÄºÔ∏è ********************************************************************** PREMIER CONTACT PAR TELEPHONE ET VISITE UNIQUEMENT SUR RENDEZ VOUS ‚ÄºÔ∏è ‚òéÔ∏èN'h√©sitez pas √† nous contacter pour toutes demande compl√©mentaires‚òéÔ∏è ‚Ä¢üïôHORAIRE D'OUVERTUREüïï: ‚Ä¢ Du Lundi au Samedi de 9H a 12H et de 14H a 18H‚ÄºÔ∏è ‚Ä¢ Le Dimanche et Jours Feri√©s de 10H a 12H‚ÄºÔ∏è ************************************************************************ ‚ùå‚Ä¢‚Ä¢‚Ä¢ Sous r√©serve d'erreurs de saisie merci de valider les informations avec nos vendeurs. ‚Ä¢‚Ä¢‚Ä¢‚ùå Europe Cars Trading Risquons-Toutstraat 8A 8A 8511 Aalbeke Num√©ro de t√©l√©phone: +32472852900 Adresse e-mail: contact@europecarstrading.be,1,https://images.2dehands.com/api/v1/listing-twh-p/images/6f/6fea55fd-6325-4562-a52a-36ff9c1feb3f?rule=ecg_mp_eps$_85,Saab,9-3 CABRIOLET VECTOR,2010,,Electric,Automatic,,,,,,,,,,,,16,,0,,{}
https://www.2ememain.be/v/autos/saab/m2354694023-saab-9-3-2-0-turbo-lpt-se-marchand-export,2354694023,fr,Saab 9-3 2.0 Turbo LPT SE * MARCHAND / EXPORT *,3990,EUR,,,,"Consommation moyenne de carburant: 10,2 l/100km Entretenu conform√©ment √† la r√©glementation: oui Dommages: aucun * + 450 EUROS GARANTIE ET CONTROLE TECHNIQUE * üìç Adresse :Chauss√©e de Wavre... Saab 9-3 2.0 Turbo LPT SE ** MARCHAND / EXPORT ** Transmission: 7 vitesses, Automatique Couleur: Noir m√©tallis√© Couleur int√©rieure: beige Nombre de places assises: 5 Nombre de propri√©taires: 1 TVA/marge: TVA non d√©ductible (r√©gime de la marge b√©n√©ficiaire) Options et accessoires Aide √† la conduite ABS Capteurs d'aide au stationnement arri√®re Contr√¥le de la Distance de Stationnement Direction assist√©e Ordinateur de bord R√©gulateur de vitesse Autres V√©hicule non-fumeur Confort Accoudoir Climatisation automatique Si√®ges chauffants Volant en cuir Volant multifonctions Extra R√©troviseurs lat√©raux √©lectriques Trappe √† ski Verrouillage centralis√© Verrouillage centralis√© avec t√©l√©commande Ext√©rieur Feux anti-brouillard Jantes alliage Toit ouvrant Vitres √©lectriques Multim√©dia CD MP3 Radio S√©curit√© Airbag conducteur Airbag passager Airbags lat√©raux Anti-d√©marrage Isofix Remarques Consommation moyenne de carburant: 10,2 l/100km Entretenu conform√©ment √† la r√©glementation: oui Dommages: aucun ** + 450 EUROS GARANTIE ET CONTROLE TECHNIQUE ** üìç Adresse :Chauss√©e de Wavre 12611160 Auderghem (√† proximit√© du m√©tro Hankar) üìû Contact :GSM : +32 475 42 94 84T√©l. fixe : 02 675 56 57TVA : BE0458.896.706 üïí Horaires d‚Äôouverture :Lundi au vendredi : 09h30 ‚Äì 13h00 et 14h00 ‚Äì 19h00Samedi : 09h30 ‚Äì 13h00 et 14h00 ‚Äì 18h30 ‚∏ª üîπ Nos services : ‚Ä¢ Reprise de votre v√©hicule actuel ‚Ä¢ Essai possible (de pr√©f√©rence sur rendez-vous) ‚Ä¢ Possibilit√© de financement ‚Ä¢ Concessionnaire agr√©√© ‚Äì Quality Dealer ‚Ä¢ Kilom√©trage certifi√© via Car-Pass ‚Ä¢ Large choix de v√©hicules sur notre site : www.supercar.be ‚∏ª üîß Services techniques : ‚Ä¢ Pr√©paration avant passage au contr√¥le technique ‚Ä¢ Passage au contr√¥le technique ‚Ä¢ Entretien annuel de votre v√©hicule ‚∏ª üí¨ Remarque : Les options mentionn√©es sont √† v√©rifier sur place. Sous r√©serve d‚Äôerreurs. ‚ö†Ô∏è Attention : emprunter de l‚Äôargent co√ªte aussi de l‚Äôargent. DUMANE SUPERCAR Chauss√©e de Wavre 1261 1160 Auderghem Num√©ro de t√©l√©phone: +3226755657 Num√©ro de fax: 026754645 Adresse e-mail: supercar@skynet.be",11,https://images.2dehands.com/api/v1/listing-twh-p/images/4c/4c375e4c-4b3b-4ab1-841e-0e106ce4be69?rule=ecg_mp_eps$_85|https://images.2dehands.com/api/v1/listing-twh-p/images/62/62eeb8c5-c41c-4079-a26f-cc18e0cccbde?rule=ecg_mp_eps$_83|https://images.2dehands.com/api/v1/listing-twh-p/images/97/97447239-9907-4e74-99a9-7716e558c4db?rule=ecg_mp_eps$_83|https://images.2dehands.com/api/v1/listing-twh-p/images/0e/0ec17959-a25a-4e4c-a4c1-5687c0682eba?rule=ecg_mp_eps$_83|https://images.2dehands.com/api/v1/listing-twh-p/images/bd/bd771894-987b-41a9-89d7-71e59ae1fbd1?rule=ecg_mp_eps$_83|https://images.2dehands.com/api/v1/listing-twh-p/images/b8/b8830d00-ed23-418b-804e-fba2f2c19317?rule=ecg_mp_eps$_83|https://images.2dehands.com/api/v1/listing-twh-p/images/e3/e368085c-a973-4533-a534-9902fc8e0963?rule=ecg_mp_eps$_83|https://images.2dehands.com/api/v1/listing-twh-p/images/90/90e557c4-2582-427a-a314-8abe6eda6c52?rule=ecg_mp_eps$_83|https://images.2dehands.com/api/v1/listing-twh-p/images/77/77bac5d3-7f79-47da-9222-a5205ea0fd6f?rule=ecg_mp_eps$_83|https://images.2dehands.com/api/v1/listing-twh-p/images/57/57a249b6-5ba6-4e11-86b3-9edcaa815fc8?rule=ecg_mp_eps$_83|https://images.2dehands.com/api/v1/listing-twh-p/images/8f/8f9185df-9402-4e57-8eae-dcb76245fa68?rule=ecg_mp_eps$_83,Saab,9-3 2.0 Turbo,,,Electric,Automatic,,,,,,,,,,,,,,0,,{}
https://www.2ememain.be/v/autos/saab/m2354586873-saab-9-3-sport-kombi-1-8t-gpl,2354586873,fr,Saab 9-3 Sport-Kombi 1.8T GPL,7450,EUR,,,,"Le domaine Saab 9-3 Sport provient du premier propri√©taire. De neuf, √©quip√© d'une installation GPL Stako install√©e par l'importateur Beherman. Bo√Æte de vitesses manuelle √† 6 rapports 188 000 km Toujours entretenue par le concessionnaire avec un historique d'entretien complet. La derni√®re maintenance vient d'√™tre effectu√©e. Livr√© avec une inspection, une demande d'enregistrement et un an de garantie l√©gale.",1,https://images.2dehands.com/api/v1/listing-twh-p/images/c0/c04a1786-f33f-49fc-a7f6-01d240a1ff6d?rule=ecg_mp_eps$_85,Saab,9-3 Sport-Kombi 1.8T,,188000,LPG,Manual,,,,,,,,,,,,,0.039628,0,,{}
https://www.2ememain.be/v/autos/saab/m2354585377-combinaison-sportive-9-3-2-0t-vector-biopower-hirsch,2354585377,fr,Combinaison sportive 9-3 2.0t Vector Biopower Hirsch,6200,EUR,,,,"Nouvelle arriv√©e : Saab 9-3 2.0t Vector Biopower Hirsch 2.0t, euro 4, adapt√©e √† la version manuelle E85 Ethanol √† 6 vitesses Vector La voiture a √©t√© initialement livr√©e en Suisse et √©quip√©e d'un moteur Hirsch Performance am√©lior√© lors de la livraison. La voiture a toujours √©t√© entretenue par le concessionnaire et poss√®de un historique d'entretien complet. Un entretien majeur de 240 000 km vient d'√™tre effectu√© par nos soins. La Saab est en tr√®s bon √©tat √† l'exception de quelques signes d'usure mineurs. Livr√© avec une inspection, une demande d'enregistrement et un an de garantie l√©gale.",1,https://images.2dehands.com/api/v1/listing-twh-p/images/8c/8cd8a5a4-c793-4a90-859d-9a591c8c5aaf?rule=ecg_mp_eps$_85,Combinaison,sportive 9-3 2.0t,,240000,,Manual,,,,,,,,,,,,,0.025833,0,,{}
https://www.2ememain.be/v/autos/saab/m2345219112-saab-9-3-cabrio-vector-2-0-turbo-avec-seulement-42-000-km,2345219112,fr,Saab 9-3 Cabrio Vector 2.0 Turbo avec seulement 42 000 km,21500,EUR,,,,"Nieuw Binnen: 9-3 cabrio met slechts 42000km van 2de eigenaar. In 2021 door ons gekocht van eerste eigenaar en sindsdien bij ons in onderhoud. In juni 25 kreeg de wagen nog een groot onderhoud. Onderhoudshistoriek aanwezig. Jet black metallic Beige lederen bekleding met stoelverwarming 300 watt audiosysteem met navigatie. Vector uitvoering Parkeersensoren achteraan Regensensor Wagen wordt geleverd met keuring, aanvraag tot inschrijving en een jaar wettelijke waarborg..",1,https://images.2dehands.com/api/v1/listing-twh-p/images/60/60599063-19bb-462b-a638-f777231ea7ec?rule=ecg_mp_eps$_85,Saab,9-3 Cabrio Vector,2021,42000,,,,,,,,,,,,,,5,0.511905,0,,{}
https://www.2ememain.be/v/autos/saab/m2354033665-saab-9-3-cabrio-vector-edition,2354033665,fr,Saab 9-3 Cabrio | VECTOR EDITION,,EUR,,,,Zeer nette Saab met onderhoudshistoriek. Kleine schades exterieur aanwezig maar staat heel proper gezien zijn leeftijd. Alles werkt! 103.000 KM 2005 Nieuw cabriodak geplaatst! Trekhaak Leder Navigatie Zetelverwarming ‚Ä¶,1,https://images.2dehands.com/api/v1/listing-twh-p/images/f9/f920ce63-b6a4-416d-9424-b32d5452c38c?rule=ecg_mp_eps$_85,Saab,9-3 Cabrio,2005,103000,,,,,,,,,,,,,,21,,0,,{}
https://www.2ememain.be/v/autos/saab/m2354005816-saab-9-3-automaatp,2354005816,fr,Saab 9-3 automaatp,5999,EUR,,,,"Saab 9-3 Cabrio 2.0t Automaat ‚Äì Zwart ‚Äì Belgische wagen Te koop: stijlvolle en comfortabele Saab 9-3 Cabrio in zwarte kleur, ideaal voor wie graag open rijdt met het typische Saab-rijgevoel. üîπ Motor: 2.0 diesel ‚Äì 110 kW (150 pk) üîπ Transmissie: Automaat üîπ Carrosserie: Cabriolet üîπ Brandstof: Diesel üîπ Emissieklasse: Euro 4 üîπ Kenteken: Belgische wagen üîπ Interieur: Leder/stoffen interieur, goed onderhouden üîπ Kleur: Zwart üîπ Velgen: Lichtmetalen velgen Uitrusting & opties: ‚Ä¢ Elektrisch bedienbare cabriokap ‚Ä¢ Automatische airconditioning ‚Ä¢ Cruise control ‚Ä¢ Multifunctioneel stuur ‚Ä¢ Origineel Saab audiosysteem ‚Ä¢ Elektrische ramen & spiegels ‚Ä¢ Centrale vergrendeling De wagen rijdt en schakelt vlot. Ideale cabrio voor de zomer, met veel comfort en een tijdloos design. Kilometerstand: zie foto. üìÑ Papieren in orde, klaar voor verkoop. üìç Te bezichtigen na afspraak üí¨ Bij vragen of interesse, stuur gerust een bericht.",1,https://images.2dehands.com/api/v1/listing-twh-p/images/68/689ed23c-713c-47de-88b9-7ae0c49fa14c?rule=ecg_mp_eps$_85,Saab,9-3 automaatp,,,Diesel,Automatic,,,,,,,,,,,,,,0,,{}
https://www.2ememain.be/v/autos/saab/m2353715929-saab-9-3-2-0t-cabrio-aero-bj02-08-154-kw-209-ch-191-000-ch,2353715929,fr,"Saab 9-3 2.0T Cabrio Aero,bj02.08, 154 kW/209 ch, 191 000 ch",13500,EUR,,,,"Ce magnifique cabriolet Saab 9-3 2.0T Aero Vector a toujours √©t√© parfaitement entretenu chez le concessionnaire Saab officiel Deboo √† Bruges. Il pr√©sente de l√©g√®res traces d'usure et un moteur puissant de 210 ch. Derni√®re r√©vision effectu√©e le 20 avril 2025 au garage Saab Deboo : vidange, remplacement des filtres √† huile, √† air et d'habitacle, recharge de la climatisation, pneus toutes saisons en excellent √©tat. Aucune trace de rouille ni d√©faut. La capote est impeccable, sans aucun dommage, d√©chirure ni tache. Ce cabriolet vous accompagnera pendant de nombreuses ann√©es. N'h√©sitez plus, r√©alisez votre r√™ve !",1,https://images.2dehands.com/api/v1/listing-twh-p/images/c6/c6a515b5-7d45-464f-8114-cc1dbda6f5ca?rule=ecg_mp_eps$_85,Saab,9-3 2.0T Cabrio,2025,,,,,,,,,,,,,,,1,,0,,{}
https://www.2ememain.be/v/autos/saab/m2353676581-saab-93-2-0i-130-ch-essence-full-options-5-portes,2353676581,fr,Saab 93 2.0i 130 Ch Essence Full Options 5 Portes,2495,EUR,,,,"üöó Saab 9-3 2.0i 130 Ch Essence Full Option ‚Äì Excellent √©tat, fiable et confortable üìÖ Ann√©e : 03 / 2000 ‚è±Ô∏è Kilom√©trage : 170.000 Km ‚öôÔ∏è Motorisation : 2.0i essence 130 Ch üïπÔ∏è Bo√Æte de vitesses : manuelle 5 Vitesses üöò Carrosserie : 5 portes üé® Couleur : Vert fonc√© m√©tallis√© Int√©rieur en Full Cuir Beige üîé Description du v√©hicule : √Ä vendre Saab 9-3 2.0i en tr√®s bon √©tat g√©n√©ral, aussi bien √† l‚Äôext√©rieur qu‚Äô√† l‚Äôint√©rieur. Voiture propre, bien entretenue et toujours conduite avec soin. La carrosserie est brillante, sans gros d√©faut, et l‚Äôhabitacle est en tr√®s bon √©tat. La Saab 9-3 est connue pour sa robustesse, sa s√©curit√© et son confort typiquement su√©dois. Id√©ale comme voiture principale ou seconde voiture fiable et √©conomique. --- ‚öôÔ∏è √âquipements et options : Climatisation Direction assist√©e 4 Vitres √©lectriques Fermeture centralis√©e Autoradio CD Attelage de remorque Si√®ges confortables en Cuir --- üß∞ Entretien et √©tat m√©canique : Vidange et filtres r√©cents Pneus en bon √©tat Freins v√©rifi√©s Aucun voyant au tableau de bord üí∞ Prix : 2495‚Ç¨ üìç Localisation : Zaventem üìû Contact : Appels Uniquement !!! ‚òéÔ∏è 0Ô∏è‚É£4Ô∏è‚É£9Ô∏è‚É£4Ô∏è‚É£ 7Ô∏è‚É£5Ô∏è‚É£ 0Ô∏è‚É£4Ô∏è‚É£ 6Ô∏è‚É£4Ô∏è‚É£",1,https://images.2dehands.com/api/v1/listing-twh-p/images/60/60ccacff-4516-46bd-a339-68bfb59e88bf?rule=ecg_mp_eps$_85,Saab,93 2.0i 130,2000,170000,Essence,Manual,,,,,,,,,,,,26,0.014676,0,,{}
https://www.2ememain.be/v/autos/saab/m2352882272-saab-9-3-cabriolet-1-9-tid-16v-bj-2006-198000km,2352882272,fr,Saab 9-3 Cabriolet 1.9 TiD 16v bj. 2006 198000km,3450,EUR,,,,"SAAB 9.3 cabriolet 2.0 bj. 2006 met 199000km. Euro 4. Handelaarsprijs/Meeneemprijs: 3950 ‚Ç¨ Prijs particulier: 4950 ‚Ç¨ inclusief: - Keuring voor verkoop ( 80 puntencontrole ) - Car-Pass (... Saab 9-3 Cabriolet 1.9 TiD 16v bj. 2006 198000km Transmission: 6 vitesses, Commande manuelle Couleur: Noir m√©tallis√© Couleur int√©rieure: noir Nombre de places assises: 4 TVA/marge: TVA non d√©ductible (r√©gime de la marge b√©n√©ficiaire) Options et accessoires Airbag chauffeur Airbag passager Airbags lat√©raux Climate control ESP Fen√™tres √©lectriques ISOFIX Livrets d'entretien pr√©sents Ordinateur de bord Radio/Lecteur CD Roues en m√©tal l√©ger R√©glage antid√©rapant R√©troviseurs ext√©rieurs √† r√©glage √©lectrique Si√®ges sport Starter Support bras interm√©diaire Syst√®me antiblocage Verre teint√© Verrouillage centralis√© des portes Verrouillage centralis√© √† distance Volant cuir Volant multifunction V√©hicule non-fumeur Remarques SAAB 9.3 cabriolet 2.0 bj. 2006 met 199000km. Euro 4. Handelaarsprijs/Meeneemprijs: 3950 ‚Ç¨ Prijs particulier: 4950 ‚Ç¨ inclusief: - Keuring voor verkoop ( 80 puntencontrole ) - Car-Pass ( kilometercertificaat ) - Onderhoudsbeurt voor aflevering auto - Professionele dieptereiniging interieur - 12 maanden garantie Tel. 0493.93.83.83 Auto Denys Dijkstraat 22 9160 Lokeren Num√©ro de t√©l√©phone: 0032 493 93 83 83 Adresse e-mail: autodenys@gmail.com",1,https://images.2dehands.com/api/v1/listing-twh-p/images/c0/c0fac92e-a2ac-4485-a4e5-fcab9f356a72?rule=ecg_mp_eps$_85,Saab,9-3 Cabriolet 1.9,2006,198000,Electric,Manual,,,,,,,,,,,,20,0.017424,0,,{}
https://www.2ememain.be/v/autos/saab/m2333143790-saab-9-3-1800-turbo-2007-vector-3995-a-saisir,2333143790,fr,SAAB 9-3 1800 TURBO 2007 VECTOR 3995 A SAISIR !!!!,3995,EUR,,,,"Superbe SAAB 9-3 VECTOR 1800 TURBO pour puristes , le mailleur Prix justifi√© . Tableau de bord face lifift avec arri√®re du mod√®le 2008 , face avant 2007 pour les SAABISTES . Entretenue , suivie et propre !!! PRIX JUSTIFI√© !!! 3995 TTC ( LIMITE CADEAU ) !!!",1,https://images.2dehands.com/api/v1/listing-twh-p/images/2b/2b408e9a-07f2-40bf-8d5e-fa9415ffe5f8?rule=ecg_mp_eps$_85,Saab,9-3 1800 TURBO,2007,,,,,,,,,,,,,,,19,,0,,{}
https://www.2ememain.be/v/autos/saab/m2333011463-saab-9-3-2-0-essence-automatique-2006-110kw,2333011463,fr,Saab 9-3 2.0 Essence Automatique 2006 110kw,2900,EUR,,,,Saab 9-3 2.0 Essence 2006 110kw 150ch euro 4. 175.154km Bonne m√©canique et roule tr√®s bien prix export ou marchand !!!!!! Pour plus d‚Äôinformations contactez le num√©ro de t√©l√©phone ou WhatsApp +32 497 30 30 03,2,https://images.2dehands.com/api/v1/listing-twh-p/images/0e/0ef07881-6bbc-4aa7-9e35-113d5586e62a?rule=ecg_mp_eps$_85|https://images.2dehands.com/api/v1/profile-twh-p/images/1d/1d8417e9-b078-42ad-bc13-1b292f29ab73?rule=ecg_mp_eps$_82,Saab,9-3 2.0 Essence,2006,175154,Essence,Automatic,,,,,,,,,,,,20,0.016557,0,,{}
https://www.2ememain.be/v/autos/saab/m2345689342-saab-9-3-2-0t,2345689342,fr,Saab 9-3 2.0t,2800,EUR,,,,"Te koop: Saab 9-3 2.0t Automaat ‚Äì betrouwbare en karaktervolle Zweedse turbo-benzine! Kilometerstand: 203.000 km Motor: 2.0 liter turbobenzine Vermogen: ¬± 185 pk ‚Äì sportieve maar bruikbare power Transmissie: Automatische versnellingsbak Voorwielaandrijving ‚Äì comfortabel en probleemloos rijden Bouwjaar: 2003 üö™ Aantal deuren: 5 / Sedan ‚∏ª Waarom deze Saab 9-3 een slimme keuze is Klassiek en tijdloos design De Saab 9-3 heeft een karaktervolle look die nog altijd opvalt in het verkeer ‚Äì subtiel sportief en elegant tegelijk. ‚úîÔ∏è Comfortabel en volwassen weggedrag De auto rijdt vooral comfortabel op de baan en is ideaal als dagelijkse wagen, lange ritten of zelfs voor weekendtrips. ‚úîÔ∏è Turbo-motor met karakter De 2.0 t turbo-motor levert voldoende vermogen voor vlotte acceleraties en blijft betrouwbaar bij normaal gebruik. Saab-motoren staan bekend om hun turbokracht bij relatief lage toerentallen. ‚úîÔ∏è Praktisch en ruim Met een ruime kofferbak en comfortabele zitplaatsen voor vijf personen is dit een auto die altijd meer kan dan alleen pendelen.",1,https://images.2dehands.com/api/v1/listing-twh-p/images/2f/2f493de2-f9fe-4a0e-948a-2d0fdbab14a4?rule=ecg_mp_eps$_85,Saab,9-3 2.0t,2003,203000,Benzin,Automatic,,,,,,,,,,,,23,0.013793,0,,{}
https://www.2ememain.be/v/autos/saab/m1941164334-saab-cabr-1er-prop-uk-rhd-full-service-hist-2495,1941164334,fr,Saab Cabr 1er Prop. UK !! RHD !!! full service hist. 2495‚Ç¨,2495,EUR,,,,"Saab Cabriolet 1er Propri√©taire. Royaume-Uni RHD !! Voiture initialement achet√©e pour pi√®ces, l'√©tat est beaucoup trop bon pour √™tre d√©mont√©. C'est un prix √† emporter, pas de contr√¥le, pas de garantie ! Le prix est √©galement FIXE.",2,https://images.2dehands.com/api/v1/listing-twh-p/images/39/393cd987-7a66-454c-a666-fef73280e180?rule=ecg_mp_eps$_85|https://images.2dehands.com/api/v1/profile-twh-p/images/44/442b7d99-25f5-415a-890a-50e16f39965a?rule=ecg_mp_eps$_82,Saab,Cabr 1er Prop.,,,,,,,,,,,,,,,,,,0,,{}
https://www.2ememain.be/v/autos/saab/m2351802834-saab-93-2-0i-130-ch-essence-full-options-5-portes,2351802834,fr,Saab 93 2.0i 130 Ch Essence Full Options 5 Portes,2495,EUR,,,,"üöó Saab 9-3 2.0i 130 Ch Essence Full Option ‚Äì Excellent √©tat, fiable et confortable üìÖ Ann√©e : 03 / 2000 ‚è±Ô∏è Kilom√©trage : 170.000 Km ‚öôÔ∏è Motorisation : 2.0i essence 130 Ch üïπÔ∏è Bo√Æte de vitesses : manuelle 5 Vitesses üöò Carrosserie : 5 portes üé® Couleur : Vert fonc√© m√©tallis√© Int√©rieur en Full Cuir Beige üîé Description du v√©hicule : √Ä vendre Saab 9-3 2.0i en tr√®s bon √©tat g√©n√©ral, aussi bien √† l‚Äôext√©rieur qu‚Äô√† l‚Äôint√©rieur. Voiture propre, bien entretenue et toujours conduite avec soin. La carrosserie est brillante, sans gros d√©faut, et l‚Äôhabitacle est en tr√®s bon √©tat. La Saab 9-3 est connue pour sa robustesse, sa s√©curit√© et son confort typiquement su√©dois. Id√©ale comme voiture principale ou seconde voiture fiable et √©conomique. --- ‚öôÔ∏è √âquipements et options : Climatisation Direction assist√©e 4 Vitres √©lectriques Fermeture centralis√©e Autoradio CD Attelage de remorque Si√®ges confortables en Cuir --- üß∞ Entretien et √©tat m√©canique : Vidange et filtres r√©cents Pneus en bon √©tat Freins v√©rifi√©s Aucun voyant au tableau de bord üí∞ Prix : 2495‚Ç¨ üìç Localisation : Zaventem üìû Contact : Appels Uniquement !!! ‚òéÔ∏è 0Ô∏è‚É£4Ô∏è‚É£9Ô∏è‚É£4Ô∏è‚É£ 7Ô∏è‚É£5Ô∏è‚É£ 0Ô∏è‚É£4Ô∏è‚É£ 6Ô∏è‚É£4Ô∏è‚É£",1,https://images.2dehands.com/api/v1/listing-twh-p/images/49/49f28a85-58f4-4e67-b6c1-1378d6ab5ae2?rule=ecg_mp_eps$_85,Saab,93 2.0i 130,2000,170000,Essence,Manual,,,,,,,,,,,,26,0.014676,0,,{}
https://www.2ememain.be/v/autos/saab/m2331341178-saab-9-3-cabrio-aero-2-8-v6-en-parfait-etat,2331341178,fr,Saab 9-3 Cabrio Aero 2.8 V6 en parfait √©tat !,6500,EUR,,,,"Tr√®s bonne voiture puissante qui roule parfaitement malgr√© les kilom√®tres ! La voiture est toujours tr√®s √©l√©gante, tout fonctionne parfaitement, le moteur est vraiment en tr√®s bon √©tat... et la voiture poss√®de d√©j√† une bo√Æte manuelle √† 6 rapports ! √âquip√© de pratiquement toutes les options telles que : Navigation - commande √©lectrique des si√®ges - si√®ges chauffants - climatisation - r√©gulateur de vitesse - 6 vitesses - phares au x√©non - capteur de pluie - capot √©lectrique - r√©troviseurs √©lectriques - ordinateur de bord - capteurs de stationnement - commandes au volant - commande vocale, etc... C'est un objet de collection dont la valeur ne fera qu'augmenter ! Venez voir, faites un essai routier et voyez par vous-m√™me ! prix √† emporter : 6500‚Ç¨ Contr√¥le technique/inspection avant vente : 7500‚Ç¨ Inspection + 1 an de garantie : 8500‚Ç¨",3,https://images.2dehands.com/api/v1/listing-twh-p/images/67/67efc83d-e7e4-47ff-95bf-ca465b875131?rule=ecg_mp_eps$_85|https://images.2dehands.com/api/v1/listing-twh-p/images/62/628dba40-468a-4606-93a3-6cda350d7210?rule=ecg_mp_eps$_83|https://images.2dehands.com/api/v1/listing-twh-p/images/28/282c0a9f-addf-441a-9f0e-5c689ad02a5c?rule=ecg_mp_eps$_83,Saab,9-3 Cabrio Aero,,,Electric,Manual,,,,,,,,,,,,,,0,,{}
https://www.2ememain.be/v/autos/saab/m2350677023-saab-9-3-1-9-tid-bj-2007-179000km,2350677023,fr,Saab 9-3 1.9 Tid bj. 2007 179000km,1950,EUR,,,,"Saab 9-3 1.9 Tid bj. 2007 179000km Transmission: 6 vitesses, Commande manuelle Couleur: Gris m√©tallis√© Nombre de places assises: 5 TVA/marge: TVA non d√©ductible (r√©gime de la marge b√©n√©ficiaire) Options et accessoires Airbag chauffeur Airbag passager Airbags arri√®re Airbags de t√™te Airbags lat√©raux Air conditionn√© Antibrouillards avant Banquette arri√®re rabattable (parties in√©gales) Climate control ESP Fen√™tres √©lectriques Feux de croisement automatiques ISOFIX Livrets d'entretien pr√©sents Radio/Lecteur CD Radio avec lecteur MP3 Roues en m√©tal l√©ger R√©glage antid√©rapant R√©troviseurs ext√©rieurs √† r√©glage √©lectrique Si√®ges sport Starter Support bras interm√©diaire Syst√®me antiblocage Syst√®me d'alarme Verre teint√© Verrouillage centralis√© des portes Verrouillage centralis√© √† distance Volant cuir Volant multifunction V√©hicule non-fumeur Auto Denys Dijkstraat 22 9160 Lokeren Num√©ro de t√©l√©phone: 0032 493 93 83 83 Adresse e-mail: autodenys@gmail.com",1,https://images.2dehands.com/api/v1/listing-twh-p/images/e8/e8beb0df-a5a3-4539-ad3d-d162be87028c?rule=ecg_mp_eps$_85,Saab,9-3 1.9 Tid,2007,179000,Electric,Automatic,,,,,,,,,,,,19,0.010894,0,,{}
https://www.2ememain.be/v/autos/saab/m2350360246-saab-9-3-cabrio-aero-2-8-v6-manueel-benzine,2350360246,fr,Saab 9.3 Cabrio Aero 2.8 - V6 - manueel/benzine,19500,EUR,,,,"Deze Saab 9-3 Cabriolet Aero 2.8 uit 2006 is een stijlvolle, prestatiegerichte cabrio met een krachtige 2.8L V6 turbo motor en 250 pk. De wagen wordt jaarlijks onderhouden bij een Saab-specialist in Eersel (NL). Om de uitstraling van de wagen te maximaliseren werd de laatste jaren daarnaast o.a. de voorruit en de bekleding van de voorste raamstijlen vervangen, achterbumper + kofferdeksel herspoten, 4 remklauwen gelakt en een afneembare trekhaak gemonteerd.",1,https://images.2dehands.com/api/v1/listing-twh-p/images/4f/4f2f48db-a681-48af-a6ce-bca0462706b2?rule=ecg_mp_eps$_85,Saab,9.3 Cabrio Aero,2006,,Benzin,,,,,,,,,,,,,20,,0,,{}
https://www.2ememain.be/v/autos/saab/m2350116138-superbe-rare-saab-9-3-turbo-hirsch-veritable,2350116138,fr,Superbe & Rare Saab 9-3 Turbo HIRSCH v√©ritable,4950,EUR,,,,"Saab 9-3 2.0 Turbo ‚Äì V√©ritable Hirsch certifi√©e ‚Äì √âtat sain Saab 9-3 2.0 Turbo en v√©ritable version Hirsch Performance, avec certificat officiel et historique complet (avec classeur complet). Voiture saine, entretenue, qui roule parfaitement, sans bruit ni souci. Allumage neuf (bobines neuves sp√©cifiques NGK) et entretien suivi. Tr√®s agr√©able √† conduire, moteur performant et fiable, consommation raisonnable pour la puissance. Faibles taxes. √âquipements : GPS, Bluetooth, son Bose, Apple CarPlay, jantes 17‚Äù, int√©rieur cuir, si√®ges chauffants, clim bi-zone, cruise control, commandes au volant, etc. Pr√™te √† rouler, id√©ale pour amateur de Saab recherchant une version rare et authentique. √Ä venir voir et essayer.",1,https://images.2dehands.com/api/v1/listing-twh-p/images/97/97d80984-1329-42e2-80c8-896b8cde2c6f?rule=ecg_mp_eps$_85,Superbe,& Rare Saab,,,,,,,,,,,,,,,,,,0,,{}
https://www.2ememain.be/v/autos/saab/m2345427866-saab-9-3-ttdi-aero-sw-cuir-navi-bose-sound,2345427866,fr,Saab 9.3 TTDi Aero SW cuir / navi/ Bose Sound,4900,EUR,,,,Saab 9.3 TTDi Aero Break SYST√àME DE NAVIGATION EN CUIR BOSE SOUND Ann√©e 2008. 236 000 km Concessionnaire Saab sp√©cialiste de la maintenance Carnet d'entretien et factures disponibles. Fonctionne parfaitement. Ventes de pr√©f√©rence aux passionn√©s de Saab.,2,https://images.2dehands.com/api/v1/listing-twh-p/images/b2/b2fac3b3-d68d-44c4-a904-32784f600d09?rule=ecg_mp_eps$_85|https://images.2dehands.com/api/v1/profile-twh-p/images/7a/7a8fd9ab-62a7-4c76-bd93-ba255c9e9ae6?rule=ecg_mp_eps$_82,Saab,9.3 TTDi Aero,2008,236000,,,,,,,,,,,,,,18,0.020763,0,,{}
https://www.2ememain.be/v/autos/saab/m2340825479-saab-9-3-cabriolet-uit-1999-te-koop,2340825479,fr,Saab 9-3 cabriolet uit 1999 Te Koop!,5900,EUR,,,,"Ik heb deze wagen iets meer dan 10 jaar gehad; nooit een accident mee gehad of problemen. Dus met veel pijn in het hart verkoop ik hem nu. Jaarlijks vlot door de keuring, steeds op onderhoud gegaan in een SAAB garage (SAAB SUPPLY) en is nog volledig origineel. Volgens de garage kan die makkelijk tot 350 000 - 400 000 kms gezien hij nog van het tijdperk pre-GM is en dus echt SAAB. Laatste volledige onderhoudsbeurt 05/2025. Geldig keuringsbewijs tot maart 2026. Ik heb een volledig onderhoudsbewijs-boekje. Uiteraard gebruiksporen, maar verder dan dat een fantastisch leuke wagen. Binnen 3 jaar oldtimer.",1,https://images.2dehands.com/api/v1/listing-twh-p/images/37/37674174-1733-443e-83ea-0c4804564333?rule=ecg_mp_eps$_85,Saab,9-3 cabriolet uit,1999,,,,,,,,,,,,,,,27,,0,,{}
https://www.2ememain.be/v/autos/saab/m2340049001-saab-9-3,2340049001,fr,Saab 9-3,1250,EUR,,,,Saab 9-3 embrayage a refaire et entretien moteur et les 2 poign√©es de portes avant interieur 2004 - 1800cc - euro4 A PRENDRE AVEC PLATEAU OU REMORQUE Prix √† discuter 2 cl√©s et documents presents PAS DE BATTERIE,2,https://images.2dehands.com/api/v1/listing-twh-p/images/77/7767066f-5717-45c4-a086-dff248f31e70?rule=ecg_mp_eps$_85|https://images.2dehands.com/api/v1/profile-twh-p/images/e3/e35b30c6-bb5a-4d95-801e-65fb0e41de05?rule=ecg_mp_eps$_82,Saab,9-3,2004,,,,,,,,,,,,,,,22,,0,,{}
https://www.2ememain.be/v/autos/saab/m2321173214-saab-1-9-ttid-vector,2321173214,fr,"Saab 1,9 TTID Vector",5995,EUR,,,,"Tr√®s belle Saab 9.3 1,9 TTID 2011 euro 5 160cv avec 199000 km. Six vitesses avec position sport.Contr√¥le technique vierge valable jusqu'√† juin 2026. Carpass. Entretenue r√©guli√®rement chez un professionnel Saab. √âtat carrosserie et m√©canique impeccable. Jantes 18 avec nouveaux pneus Michelin 4 saisons. Hifi Bose 11HP Woofer. Bo√Æte r√©vis√©e, courroie distribution de 20000km. Nouveau gaz airco + entretien.Nouveaux disques, plaquettes, amortisseurs. Nouvelle batterie. Toutes les factures sont √† disposition. 4 Jantes 17 pour pneus hiver. Attache remorque amovible. Si√®ge conducteur l√©g√®rement us√©. Je vend cette splendide Saab pour l'achat d'une nouvelle voiture. Cette voiture est dans un excellent √©tat m√©canique et carrosserie impeccable. Non fumeur et tr√®s propre. Elle restera dans un garage. Au d√©part le prix √©tait de 7995 euros vu son √©tat impeccable. Le prix demand√© actuellement est largement en dessous de sa valeur r√©elle.",1,https://images.2dehands.com/api/v1/listing-twh-p/images/58/5803d282-2396-4dcc-a009-ee54f1bf105b?rule=ecg_mp_eps$_85,Saab,"1,9 TTID Vector",2011,199000,,,,,,,,,,,,,,15,0.030126,0,,{}
https://www.2ememain.be/v/autos/saab/m2323359658-saab-9-3-turbo-cabriolet-2002-kit-embrayage-remis-a-neuf,2323359658,fr,Saab 9-3 turbo cabriolet 2002 kit EMBRAYAGE REMIS A NEUF,2500,EUR,,,,"Saab 9-3 Turbo Cabriolet ‚Äì 2002 ‚Ä¢ Embrayage complet refait r√©cemment (kit + √©metteur) chez garagiste ‚Ä¢ Gros entretien effectu√© il y a 1000‚Äì2000 km (bougies, filtres, vidange, etc.) ‚Ä¢ Capote en parfait √©tat de fonctionnement ‚Ä¢ Int√©rieur en tr√®s bon √©tat ‚Ä¢ Deux cl√©s disponibles ‚Ä¢ Carpass complet avec historique du v√©hicule ‚Ä¢ Contr√¥le technique valable jusqu‚Äôen mai Quelques d√©fauts √† signaler : ‚Ä¢ L√©g√®res traces sur les pare-chocs avant et arri√®re ‚Ä¢ Deux petites zones de vernis parties (env. 4‚Äì5 cm) Voiture bien entretenue, fiable et pr√™te √† rouler.",2,https://images.2dehands.com/api/v1/listing-twh-p/images/dc/dc8332df-eed1-443d-92ed-67c7e5af6362?rule=ecg_mp_eps$_85|https://images.2dehands.com/api/v1/profile-twh-p/images/1d/1d90dfa2-1e0c-43c0-8e2c-3202b87bb027?rule=ecg_mp_eps$_82,Saab,9-3 turbo cabriolet,2002,2000,,,,,,,,,,,,,,24,1.25,0,,{}
https://www.2ememain.be/v/autos/saab/m2320497185-saab-9-3-vector-cabriolet-nette-auto-lpg,2320497185,fr,"Saab 9-3 vector cabriolet, nette auto, LPG!",7950,EUR,,,,"Orphyum biedt aan: Mooie goed onderhouden Saab 9-3 1.8t cabriolet in vector uitvoering en met een Prins G3 installatie. Goedkoop rijden dus in deze wintervaste cabriolet. Ook zakelijk is het daarmee een interessante auto want hij is natuurlijk inzetbaar als Youngtimer en je hebt geen gedoe met milieu zones! De lpg tank ligt op de plek van het reservewiel en de vulopening is netjes achter het tankklepje geplaatst. Liever geen lpg? Geen probleem, we kunnen de installatie ook demonteren zodat de auto alleen op benzine rijdt. Uiteraard zorgen we er dan ook voor dat dit officieel op het kenteken bij de RDW geregistreerd wordt De betrouwbare B207 1.8t motor levert 150 pk gekoppeld aan een handgeschakelde versnellingsbak waarmee hij meer dan prima meekomt in het verkeer. Wij hebben de auto zelf geselecteerd, ingekocht en ge√Ømporteerd naar Nederland, distributie ketting al vervangen en een afleveringsbeurt gedaan. Bovendien zit een er lange APK op, de auto kan direct mee. Export naar Belgi√´ is geen probleem, we helpen u graag en leveren alle documenten daarvoor. Aflevering in Belgi√´ behoort ook tot de mogelijkheden. De auto heeft met 196.000 relatief weinig gelopen voor een LPG auto en dat is goed aan te auto te zien. Uiteraard zijn er de normale gebruikssporen die bij de leeftijd en kilometerstand passen maar het is over het algemeen een erg nette, goed rijdende wagen. De Vector uitvoering komt met een aantal prettige optie zoals cruise control, climate control, regensensor en parkeersensoren. Deze opties functioneren allemaal goed. Om de niet heel spannende kleurstelling wat te contrasteren hebben we de auto voorzien van mooie 18""alu 56 velgen met goeie merkbanden. Voordelig het hele jaar door in een cabriolet rijden? Hij staat in Slochteren klaar voor een bezichtiging en een proefrit bij serieuze interesse. Orphyum is een jong autobedrijf, gespecialiseerd in Saab en gevestigd in Slochteren, Nederland. Orphyum Hoofdweg 65 9621 AD Slochteren 06-54300172 Info@orphyum.nl We hebben ons uiterste best gedaan om alle informatie in deze advertentie correct weer te geven. Er kunnen echter geen rechten worden ontleend aan de verstrekte informatie in de advertentie. Vertrouw niet alleen op deze informatie maar controleer altijd zelf de zaken welke voor jou belangrijk zijn en je beslissing zouden kunnen be√Ønvloeden. Neem eventueel contact op voor aanvullende vragen.",1,https://images.2dehands.com/api/v1/listing-twh-p/images/ce/ce8f80ee-2a89-4448-ac79-084bc5cb836b?rule=ecg_mp_eps$_85,Saab,"9-3 vector cabriolet,",,,Benzin,,,,,,,,,,,,,,,0,,{}
https://www.2ememain.be/v/autos/saab/m2315563886-saab-9-3-tdid-boite-automatique-pret-a-immatricule,2315563886,fr,Saab 9-3 tdid Bo√Æte Automatique Pr√™t √† immatricul√©,2199,EUR,,,,"Saab 9-3 tdid Bo√Æte Automatique carnet d'entretien, de 2006 avec 249000km √©volutif 1900cc 150cv, kit de distribution remplacer √† 216000km Full options V√©hicule tr√®s propre ext√©rieur tout comme int√©rieur. V√©hicule de non-fumeur. Avec int√©rieur cuir chauffant, Airco digitaal, cruise control, verrouillage central, feux antibrouillards, direction assist√©e, ABS, radio CD commandes au volant, capteur de recul, 4 vitres √©lectriques, isofix, peinture m√©tal, jantes alu... Avec le contr√¥le technique occasion pour la vente fourni avec sa demande d'immatriculation et son nouveau car pass : 2199‚Ç¨ Visible sur rdv",2,https://images.2dehands.com/api/v1/listing-twh-p/images/93/93f9e3af-7947-47fa-bb66-0260e5d41fff?rule=ecg_mp_eps$_85|https://images.2dehands.com/api/v1/profile-twh-p/images/53/53e290b2-c63f-495d-a200-111ccb6938d6?rule=ecg_mp_eps$_82,Saab,9-3 tdid Bo√Æte,2006,249000,Electric,Automatic,,,,,,,,,,,,20,0.008831,0,,{}
https://www.2ememain.be/v/autos/saab/m2305212957-recherche-cabriolet-saab-de-2004,2305212957,fr,Recherch√© : cabriolet Saab de 2004,,EUR,,,,"Ch√®res personnes, je suis un passionn√© n√©erlandais de Saab et je recherche un cabriolet Saab de 2004 √† 2011 en version essence, de pr√©f√©rence automatique (la transmission manuelle est √©galement autoris√©e) avec un int√©rieur en cuir beige (encore de bons si√®ges) (d'autres couleurs sont √©galement autoris√©es) que j'utiliserai comme voiture donneuse (donc pour les pi√®ces). Donc, si vous avez une voiture, un accident, si vous ne conduisez pas, si vous avez une √©pave ou si vous souhaitez vendre la voiture (vous obtenez un prix √©quitable, en fonction de l'√©tat de la voiture), contactez-moi, s'il vous pla√Æt avec votre e-mail/num√©ro de t√©l√©phone., br√®ve description de la voiture. Merci d'avance. Salutations John",,,Recherch√©,: cabriolet Saab,2004,,Essence,Automatic,,,,,,,,,,,,22,,0,,{}
